2011-10-05,-0.017865633591721997
2011-10-06,-0.03616929824141968
2011-10-07,-0.028005989111797525
2011-10-10,-0.062130974252671556
2011-10-11,-0.06267497745952733
2011-10-12,-0.07246968162501444
2011-10-13,-0.06949600922907329
2011-10-14,-0.08687626728290176
2011-10-17,-0.06750638385162344
2011-10-18,-0.08792510069312098
2011-10-19,-0.0752759633342982
2011-10-20,-0.079830142242313
2011-10-21,-0.09863890709793022
2011-10-24,-0.11151186570887306
2011-10-25,-0.09146714107971887
2011-10-26,-0.10200369409522592
2011-10-27,-0.13629513209844657
2011-10-28,-0.13668436135699114
2011-10-31,-0.11194685827076745
2011-11-01,-0.08400461089916467
2011-11-02,-0.10010927857241281
2011-11-03,-0.11889108610875387
2011-11-04,-0.11261106878386817
2011-11-07,-0.11890681268236625
2011-11-08,-0.13064245168474353
2011-11-09,-0.09394730905400361
2011-11-10,-0.1025714854489107
2011-11-11,-0.12205202586558117
2011-11-14,-0.11250188365787983
2011-11-15,-0.11731904790423464
2011-11-16,-0.10070284671355878
2011-11-17,-0.08390289487486269
2011-11-18,-0.08350821585368362
2011-11-21,-0.06485972035544307
2011-11-22,-0.06071887886370231
2011-11-23,-0.038623663939721165
2011-11-25,-0.0359381571826779
2011-11-28,-0.06517858259579923
2011-11-29,-0.06739223560115015
2011-11-30,-0.09032174755202937
2011-12-01,-0.08390182347019526
2011-12-02,-0.08237768895440067
2011-12-05,-0.08860660886392713
2011-12-06,-0.12055685911004577
2011-12-07,-0.16822929651277818
2011-12-08,-0.14708748654411663
2011-12-09,-0.16397083843393745
2011-12-12,-0.14688852815875286
2011-12-13,-0.13776980466970024
2011-12-14,-0.08922420555509436
2011-12-15,-0.0843355296796745
2011-12-16,-0.08031279623776111
2011-12-19,-0.0065676506947461855
2011-12-20,0.03166570425557669
2011-12-21,0.025009463919095976
2011-12-22,-0.006537278754565112
2011-12-23,-0.009427079989496101
2011-12-27,-0.05226021375044165
2011-12-28,-0.014453518586566294
2011-12-29,-0.03930354405893044
2011-12-30,0.01491128141659015
2012-01-03,0.018019916332518315
2012-01-04,0.04144136472149462
2012-01-05,0.05474786603533377
2012-01-06,0.07103998568150427
2012-01-09,0.08811353067829453
2012-01-10,0.062256047026951755
2012-01-11,0.07582593553089256
2012-01-12,0.04811370076106014
2012-01-13,0.06145490894248873
2012-01-17,0.09374363950787479
2012-01-18,0.11002173871243626
2012-01-19,0.13509106263094783
2012-01-20,0.1593712385885715
2012-01-23,0.15391047931898127
2012-01-24,0.20006621641328748
2012-01-25,0.18731612297631417
2012-01-26,0.21817950299804412
2012-01-27,0.18815745630252034
2012-01-30,0.1924442851411029
2012-01-31,0.21829759151832184
2012-02-01,0.23960557336855692
2012-02-02,0.2921513381024248
2012-02-03,0.2874378305864438
2012-02-06,0.2805481351898407
2012-02-07,0.2569486448091105
2012-02-08,0.20396148770728018
2012-02-09,0.11224796663928349
2012-02-10,0.20415451181206068
2012-02-13,0.18049167103583608
2012-02-14,0.12291344635409585
2012-02-15,0.1647377316085623
2012-02-16,0.16117016857137267
2012-02-17,0.15957108859312563
2012-02-21,0.1849263939577095
2012-02-22,0.25442686314089624
2012-02-23,0.21193568260245466
2012-02-24,0.20228737322725432
2012-02-27,0.21112664005858295
2012-02-28,0.22340418945912766
2012-02-29,0.2475926184972458
2012-03-01,0.2347084291674334
2012-03-02,0.23988895593963322
2012-03-05,0.16527589130976694
2012-03-06,0.2291417864220433
2012-03-07,0.24129897987066284
2012-03-08,0.2515580558747308
2012-03-09,0.2932220335605453
2012-03-12,0.34026301710053475
2012-03-13,0.28752555669896374
2012-03-14,0.30186124983460283
2012-03-15,0.2986641335030146
2012-03-16,0.3589460410999309
2012-03-19,0.4000449499876989
2012-03-20,0.45126824344958216
2012-03-21,0.4395325291128743
2012-03-22,0.5165879873826251
2012-03-23,0.6085466688153944
2012-03-26,0.4963522743492055
2012-03-27,0.4865252520762191
2012-03-28,0.49755472204022355
2012-03-29,0.5229498194929847
2012-03-30,0.5200666281323163
2012-04-02,0.4948448457636555
2012-04-03,0.4753028503489508
2012-04-04,0.46268159556459965
2012-04-05,0.4024741359695525
2012-04-09,0.3732310705683105
2012-04-10,0.4022488641763665
2012-04-11,0.4375141350112107
2012-04-12,0.3924258289872887
2012-04-13,0.420544632300362
2012-04-16,0.4482994179073049
2012-04-17,0.42364319393428373
2012-04-18,0.42391523331126
2012-04-19,0.4463838674632937
2012-04-20,0.4284895028949832
2012-04-23,0.4592782452284231
2012-04-24,0.4868555238523261
2012-04-25,0.5069832346737665
2012-04-26,0.5025631883185658
2012-04-27,0.47770114003077624
2012-04-30,0.5112585434571899
2012-05-01,0.5019341715124929
2012-05-02,0.4831957295291639
2012-05-03,0.4461003827182378
2012-05-04,0.4762919185832195
2012-05-07,0.4717214720737317
2012-05-08,0.45622398528719477
2012-05-09,0.47855644823288246
2012-05-10,0.46807134494489966
2012-05-11,0.4424125861382542
2012-05-14,0.4535254500084668
2012-05-15,0.4592712878968368
2012-05-16,0.4636751061902177
2012-05-17,0.47872648244511085
2012-05-18,0.48611425899647787
2012-05-21,0.47007835817264787
2012-05-22,0.4695920208867542
2012-05-23,0.4678983180305748
2012-05-24,0.4728448166297933
2012-05-25,0.4750104493970463
2012-05-29,0.4639314715409927
2012-05-30,0.4782663639692545
2012-05-31,0.48054302930819703
2012-06-01,0.5051856140649177
2012-06-04,0.5050760595942224
2012-06-05,0.49934920915785963
2012-06-06,0.47629980814658
2012-06-07,0.476406272906313
2012-06-08,0.46829210923880105
2012-06-11,0.4809122226697835
2012-06-12,0.46926148552504676
2012-06-13,0.4762847366092985
2012-06-14,0.46547008360223574
2012-06-15,0.4551322683527378
2012-06-18,0.4626128845122862
2012-06-19,0.4943461534383188
2012-06-20,0.37567992819240403
2012-06-21,0.5037997753719151
2012-06-22,0.459740877253889
2012-06-25,0.5081803665200386
2012-06-26,0.49417538110482684
2012-06-27,0.5168236285971226
2012-06-28,0.5865588147985261
2012-06-29,0.6248691226968621
2012-07-02,0.642512418133653
2012-07-03,0.5994333400466465
2012-07-05,0.61104704717394
2012-07-06,0.6305336703555994
2012-07-09,0.604406366547049
2012-07-10,0.6422768774173551
2012-07-11,0.6326633345730908
2012-07-12,0.696194233730398
2012-07-13,0.6908778640944816
2012-07-16,0.7290298710962408
2012-07-17,0.7108500881791645
2012-07-18,0.7269078189221047
2012-07-19,0.670964152463026
2012-07-20,0.6112745688946313
2012-07-23,0.5822116488772734
2012-07-24,0.5912525818654419
2012-07-25,0.5915664433635119
2012-07-26,0.5750254685809175
2012-07-27,0.5350991022169211
2012-07-30,0.5059400049333026
2012-07-31,0.5318818598703113
2012-08-01,0.557182168496153
2012-08-02,0.6346355864988064
2012-08-03,0.6384207751410865
2012-08-06,0.6067958866101532
2012-08-07,0.6424649084785315
2012-08-08,0.6458437185185667
2012-08-09,0.6632661580117677
2012-08-10,0.6883860245303836
2012-08-13,0.6379451382386538
2012-08-14,0.6382558992304845
2012-08-15,0.6571089558531074
2012-08-16,0.6765903837622702
2012-08-17,0.6755029056802722
2012-08-20,0.6484311279526342
2012-08-21,0.6445862572555393
2012-08-22,0.6235227623837623
2012-08-23,0.671392333324643
2012-08-24,0.6592673621943684
2012-08-27,0.6409557001982571
2012-08-28,0.6368601407029802
2012-08-29,0.6153915902681412
2012-08-30,0.6381526693453886
2012-08-31,0.6383123319349594
2012-09-04,0.6522642632107342
2012-09-05,0.7079331238407103
2012-09-06,0.7180234489197541
2012-09-07,0.6570635136286651
2012-09-10,0.6677312072508528
2012-09-11,0.6908040187020967
2012-09-12,0.7613267110851847
2012-09-13,0.7107369871125014
2012-09-14,0.7119021107610225
2012-09-17,0.741254979422955
2012-09-18,0.7442626743291538
2012-09-19,0.7529952456834097
2012-09-20,0.7595848261790035
2012-09-21,0.7731001690383408
2012-09-24,0.7005788097791242
2012-09-25,0.6710987706883972
2012-09-26,0.7686946918750256
2012-09-27,0.7438964046200517
2012-09-28,0.7388743805853761
2012-10-01,0.7562288671818624
2012-10-02,0.7571930597985588
2012-10-03,0.7775017822008288
2012-10-04,0.7834797134936864
2012-10-05,0.7726540756873141
2012-10-08,0.7325891218397217
2012-10-09,0.7481491674402836
2012-10-10,0.7543371971900968
2012-10-11,0.754141807825273
2012-10-12,0.7741667686071682
2012-10-15,0.7774393377415557
2012-10-16,0.7740319393561085
2012-10-17,0.7706248282499116
2012-10-18,0.7405038452871963
2012-10-19,0.7570751502424052
2012-10-22,0.756635567893983
2012-10-23,0.7710794742280912
2012-10-24,0.7741648568566769
2012-10-25,0.771169313999534
2012-10-26,0.7718982962292632
2012-10-31,0.771742416369498
2012-11-01,0.7608159408791145
2012-11-02,0.7701953952875241
2012-11-05,0.7680315859917904
2012-11-06,0.7601784010282212
2012-11-07,0.7838834015143804
2012-11-08,0.7960882437523098
2012-11-09,0.7943895511961665
2012-11-12,0.794259063822081
2012-11-13,0.7982444843451296
2012-11-14,0.8120965200215361
2012-11-15,0.8136900648030804
2012-11-16,0.8088501150399349
2012-11-19,0.7889880611081984
2012-11-20,0.7850197726408771
2012-11-21,0.7826995920231344
2012-11-23,0.7696732772619598
2012-11-26,0.7717028588900974
2012-11-27,0.7769294464333232
2012-11-28,0.7690734172515816
2012-11-29,0.7550340803336109
2012-11-30,0.7548715724710713
2012-12-03,0.7596167974733716
2012-12-04,0.7613266097892109
2012-12-05,0.7597417478991986
2012-12-06,0.7564351573677861
2012-12-07,0.7535142376877897
2012-12-10,0.753175676814009
2012-12-11,0.746626794730822
2012-12-12,0.7461785554216276
2012-12-13,0.7524999803813249
2012-12-14,0.7566353815596931
2012-12-17,0.7447647909158626
2012-12-18,0.7332781342893491
2012-12-19,0.7408673350054318
2012-12-20,0.7353792260800156
2012-12-21,0.7447579137161028
2012-12-24,0.7471982101475491
2012-12-26,0.7519856702552316
2012-12-27,0.7532041119374129
2012-12-28,0.764254053595405
2012-12-31,0.7473121127604718
2013-01-02,0.7219086921090847
2013-01-03,0.7239943097211474
2013-01-04,0.7191292131217069
2013-01-07,0.7222523292376659
2013-01-08,0.7254947010654809
2013-01-09,0.7228388345203351
2013-01-10,0.7152414198045531
2013-01-11,0.7152889335943513
2013-01-14,0.7162196050758887
2013-01-15,0.715090935386322
2013-01-16,0.7148939435184805
2013-01-17,0.7092510216903325
2013-01-18,0.7058477513344823
2013-01-22,0.7014196438979341
2013-01-23,0.6999121668711754
2013-01-24,0.699905552652907
2013-01-25,0.6944600707259485
2013-01-28,0.6963096921876876
2013-01-29,0.6912036970909149
2013-01-30,0.6951033184914528
2013-01-31,0.6976666198443309
2013-02-01,0.6876139140011082
2013-02-04,0.6991526588164926
2013-02-05,0.6887361486599489
2013-02-06,0.6881869780979902
2013-02-07,0.6899923771463641
2013-02-08,0.6843344365775708
2013-02-11,0.6849405540976604
2013-02-12,0.6833452818291538
2013-02-13,0.6827530189621459
2013-02-14,0.6820623471801054
2013-02-15,0.6831074286158906
2013-02-19,0.5783465034049045
2013-02-20,0.5907506412103339
2013-02-21,0.597053698394004
2013-02-22,0.5882812302332956
2013-02-25,0.6065908108874457
2013-02-26,0.6004813474693408
2013-02-27,0.5877553532739598
2013-02-28,0.588619432858021
2013-03-01,0.5862955777371295
2013-03-04,0.5816848543634465
2013-03-05,0.5721188377959572
2013-03-06,0.5710343250002488
2013-03-07,0.5692178334462394
2013-03-08,0.564736694288851
2013-03-11,0.5614876085447404
2013-03-12,0.5638908619855741
2013-03-13,0.5625768096137039
2013-03-14,0.5569738196953108
2013-03-15,0.5068662547331172
2013-03-18,0.5123765868084721
2013-03-19,0.5147991176107017
2013-03-20,0.5081016253107452
2013-03-21,0.5163840590687984
2013-03-22,0.5092098026006514
2013-03-25,0.5125498420060681
2013-03-26,0.5047647306376111
2013-03-27,0.5033806502471163
2013-03-28,0.5004219171591995
2013-04-01,0.5048954973272743
2013-04-02,0.49972323325075263
2013-04-03,0.5102693622111092
2013-04-04,0.5062209103070237
2013-04-05,0.5105158058094645
2013-04-08,0.5181329488406243
2013-04-09,0.5396357347350973
2013-04-10,0.5329675512059653
2013-04-11,0.5472088947697322
2013-04-12,0.43416154562164366
2013-04-15,0.45712783668196455
2013-04-16,0.44282061334806755
2013-04-17,0.45714829441254534
2013-04-18,0.4638492982288802
2013-04-19,0.4550013956252914
2013-04-22,0.45033976566226297
2013-04-23,0.4399205471022629
2013-04-24,0.427989544417695
2013-04-25,0.4239548122223774
2013-04-26,0.4257969252818592
2013-04-29,0.41861091363264036
2013-04-30,0.4161260139161014
2013-05-01,0.4254338974533647
2013-05-02,0.4160259139688185
2013-05-03,0.42218532659539054
2013-05-06,0.4281635153784633
2013-05-07,0.4174669652464621
2013-05-08,0.3942525097334203
2013-05-09,0.40727830856119895
2013-05-10,0.41057607180673183
2013-05-13,0.41809498392566236
2013-05-14,0.4010910312533076
2013-05-15,0.3851812562447111
2013-05-16,0.4167106969973301
2013-05-17,0.39280230732224286
2013-05-20,0.38628854154366365
2013-05-21,0.3730582191613989
2013-05-22,0.3766091967626234
2013-05-23,0.38002958625666605
2013-05-24,0.3944231174998317
2013-05-28,0.3880821359575285
2013-05-29,0.3951301183100754
2013-05-30,0.3914597738130875
2013-05-31,0.40576701537567095
2013-06-03,0.39983102676966387
2013-06-04,0.4053418342199049
2013-06-05,0.4191215672870635
2013-06-06,0.41063127280248846
2013-06-07,0.3977997317544292
2013-06-10,0.3981465450284535
2013-06-11,0.40829991236913876
2013-06-12,0.4166694676680093
2013-06-13,0.4018851768038251
2013-06-14,0.40777019299114037
2013-06-17,0.40020282830778964
2013-06-18,0.39241167025420665
2013-06-19,0.40626314480803727
2013-06-20,0.43127349617331434
2013-06-21,0.4286037191582742
2013-06-24,0.44074873485388977
2013-06-25,0.43125146303669737
2013-06-26,0.42166097625629917
2013-06-27,0.4154611453255693
2013-06-28,0.4197507078163879
2013-07-01,0.4143469601240234
2013-07-02,0.41489186837020375
2013-07-03,0.41406782121253005
2013-07-05,0.40386608874019114
2013-07-08,0.39861454242197913
2013-07-09,0.40055504055056135
2013-07-10,0.4289480058490247
2013-07-11,0.40538851833307366
2013-07-12,0.4233749942139755
2013-07-15,0.3947283023877821
2013-07-16,0.3984370631604419
2013-07-17,0.39566301619143984
2013-07-18,0.4119658593408637
2013-07-19,0.4338698273528958
2013-07-22,0.43627383540652986
2013-07-23,0.4265423817964362
2013-07-24,0.45349385510245666
2013-07-25,0.4531699977721856
2013-07-26,0.440913132304271
2013-07-29,0.46189223833011017
2013-07-30,0.4843441556965812
2013-07-31,0.5166840315961062
2013-08-01,0.5302335900729173
2013-08-02,0.5399729322511951
2013-08-05,0.51191686781594
2013-08-06,0.5049587421914457
2013-08-07,0.5240857080758725
2013-08-08,0.5072789246126986
2013-08-09,0.514968328409178
2013-08-12,0.5276080933274905
2013-08-13,0.513385475548486
2013-08-14,0.4677779941578719
2013-08-15,0.48205959591519565
2013-08-16,0.4853641911638221
2013-08-19,0.49126449328397537
2013-08-20,0.4874432979602632
2013-08-21,0.493222901033892
2013-08-22,0.48460352461701195
2013-08-23,0.480656513733265
2013-08-26,0.4846961716833702
2013-08-27,0.5005703665309953
2013-08-28,0.49782272101865965
2013-08-29,0.4958593194207168
2013-08-30,0.49903363762965114
2013-09-03,0.49486941592272293
2013-09-04,0.4867524630344149
2013-09-05,0.48554260020065376
2013-09-06,0.4854881689934645
2013-09-09,0.47549528816532405
2013-09-10,0.4681494989515935
2013-09-11,0.46509721536883886
2013-09-12,0.4684776307205867
2013-09-13,0.4657629511512851
2013-09-16,0.4600697977220989
2013-09-17,0.4558520585013015
2013-09-18,0.4436743854691896
2013-09-19,0.44551733945589556
2013-09-20,0.4427502359113793
2013-09-23,0.4474698222285153
2013-09-24,0.4500669653725845
2013-09-25,0.45280643107904717
2013-09-26,0.4493210054569652
2013-09-27,0.45339480661949405
2013-09-30,0.4594240372977858
2013-10-01,0.45142549392525955
2013-10-02,0.4520921635417787
2013-10-03,0.46107157816326505
2013-10-04,0.4540183537103142
2013-10-07,0.4625247157333843
2013-10-08,0.4748567946189416
2013-10-09,0.4742828884133049
2013-10-10,0.4524523918689508
2013-10-11,0.4461661204049495
2013-10-14,0.4420913997616539
2013-10-15,0.4491551231375437
2013-10-16,0.4353275910219674
2013-10-17,0.42858363808623223
2013-10-18,0.4166994499232387
2013-10-21,0.41660771360910853
2013-10-22,0.4108702003945425
2013-10-23,0.4294330965042278
2013-10-24,0.4301998110405506
2013-10-25,0.4183104137148743
2013-10-28,0.4257611165366961
2013-10-29,0.4071209548281327
2013-10-30,0.4172883147331198
2013-10-31,0.4272686561709823
2013-11-01,0.44921479355231686
2013-11-04,0.4492174865577755
2013-11-05,0.46745203333214647
2013-11-06,0.42820566176803576
2013-11-07,0.4817033759773851
2013-11-08,0.4730159411618112
2013-11-11,0.4743622033527398
2013-11-12,0.480201629842785
2013-11-13,0.4837945563906966
2013-11-14,0.4922190009466375
2013-11-15,0.48655164789430294
2013-11-18,0.47818808921358313
2013-11-19,0.5002538448581108
2013-11-20,0.5382814444679862
2013-11-21,0.5438070336230387
2013-11-22,0.5347360473427424
2013-11-25,0.5303444608983524
2013-11-26,0.5296567526929323
2013-11-27,0.5151762855459716
2013-11-29,0.5084126870559431
2013-12-02,0.4851750256752324
2013-12-03,0.49923653157115877
2013-12-04,0.49281463380028834
2013-12-05,0.4971542067299156
2013-12-06,0.4859163358402937
2013-12-09,0.47917198969633135
2013-12-10,0.43538839921863703
2013-12-11,0.4467052735773951
2013-12-12,0.45047583563446225
2013-12-13,0.450577245941418
2013-12-16,0.4442572059817026
2013-12-17,0.44735819385718334
2013-12-18,0.43071022979205154
2013-12-19,0.4260601325503074
2013-12-20,0.4575024541117162
2013-12-23,0.4714337557021472
2013-12-24,0.4860862396121445
2013-12-26,0.4667374436780364
2013-12-27,0.45159734533124907
2013-12-30,0.4523698365889316
2013-12-31,0.4283271028504626
2014-01-02,0.4402140630026453
2014-01-03,0.44654113187426014
2014-01-06,0.4608573138470615
2014-01-07,0.45392365308213223
2014-01-08,0.4528013920938213
2014-01-09,0.4644051265997323
2014-01-10,0.42741188523599905
2014-01-13,0.43998810177387204
2014-01-14,0.4291701298466071
2014-01-15,0.4214057212849246
2014-01-16,0.4218963878225933
2014-01-17,0.43143462131822574
2014-01-21,0.4363676563004383
2014-01-22,0.4221183284412272
2014-01-23,0.43100790495833075
2014-01-24,0.45188335359496623
2014-01-27,0.456759647273546
2014-01-28,0.4506189949027577
2014-01-29,0.4608282272598009
2014-01-30,0.44956118264696954
2014-01-31,0.45602648196390516
2014-02-03,0.47885840168536964
2014-02-04,0.4712173130486683
2014-02-05,0.4732455355300853
2014-02-06,0.460805742642618
2014-02-07,0.4475038557445177
2014-02-10,0.44593462114021976
2014-02-11,0.43487250763229035
2014-02-12,0.4351417698935899
2014-02-13,0.4293317449703248
2014-02-14,0.4245225281514914
2014-02-18,0.42336405418217293
2014-02-19,0.4298885385988027
2014-02-20,0.42385708049900783
2014-02-21,0.4257758039030871
2014-02-24,0.4195892906287507
2014-02-25,0.4209369722391638
2014-02-26,0.4209152722954699
2014-02-27,0.415967189293581
2014-02-28,0.41318450056017086
2014-03-03,0.4205630110667976
2014-03-04,0.40529530977497596
2014-03-05,0.4053486607887312
2014-03-06,0.4036302528932595
2014-03-07,0.403092163473061
2014-03-10,0.40355540972017667
2014-03-11,0.4086375486721022
2014-03-12,0.40833237794852517
2014-03-13,0.42003347289197535
2014-03-14,0.42285525062302187
2014-03-17,0.41324161608774634
2014-03-18,0.4060219971243859
2014-03-19,0.41215364620971107
2014-03-20,0.40611314153734956
2014-03-21,0.40904581282151664
2014-03-24,0.41391052303233977
2014-03-25,0.40950658306128684
2014-03-26,0.4165069025448911
2014-03-27,0.41840698669217646
2014-03-28,0.4137667648370347
2014-03-31,0.4397299939563051
2014-04-01,0.42566704601750993
2014-04-02,0.4242284006068727
2014-04-03,0.40416508430351006
2014-04-04,0.3945728022215673
2014-04-07,0.4053229147445575
2014-04-08,0.40157236090630544
2014-04-09,0.3906541480799969
2014-04-10,0.41153894381129474
2014-04-11,0.4210257176659098
2014-04-14,0.41280843140844303
2014-04-15,0.40605112367967533
2014-04-16,0.39556263264354374
2014-04-17,0.41339539146742643
2014-04-21,0.4123109612078266
2014-04-22,0.40300969820024657
2014-04-23,0.3934806762012397
2014-04-24,0.3845383464773976
2014-04-25,0.4143069994453128
2014-04-28,0.4291175048602105
2014-04-29,0.4229573388199014
2014-04-30,0.4210552938424662
2014-05-01,0.426798212879831
2014-05-02,0.4382008261952748
2014-05-05,0.4274474975726834
2014-05-06,0.4574494858652527
2014-05-07,0.44895768472806374
2014-05-08,0.4724894216489688
2014-05-09,0.4997747273805089
2014-05-12,0.48779282536346646
2014-05-13,0.49301258368021017
2014-05-14,0.4857746640971129
2014-05-15,0.5194485678784255
2014-05-16,0.5277823307678995
2014-05-19,0.5326442145298367
2014-05-20,0.5537604042293918
2014-05-21,0.5466047609769464
2014-05-22,0.5519191044859746
2014-05-23,0.5785508097679453
2014-05-27,0.575334183630196
2014-05-28,0.5800014072264734
2014-05-29,0.5763389651557083
2014-05-30,0.5814333419393938
2014-06-02,0.576285390613727
2014-06-03,0.5872417552426044
2014-06-04,0.6203675097820871
2014-06-05,0.663904678408616
2014-06-06,0.6460799160255994
2014-06-09,0.6628520118198249
2014-06-10,0.6409599117120836
2014-06-11,0.5953444331825577
2014-06-12,0.6198767189489663
2014-06-13,0.6183689372100903
2014-06-16,0.6502659152555287
2014-06-17,0.7027751243052157
2014-06-18,0.6910415837922464
2014-06-19,0.675828829709932
2014-06-20,0.6986257503120883
2014-06-23,0.6620504862090211
2014-06-24,0.7062372998490555
2014-06-25,0.6895938884794839
2014-06-26,0.6991964505296512
2014-06-27,0.7073553382896399
2014-06-30,0.7331043495465441
2014-07-01,0.7363702535250494
2014-07-02,0.7498235938544717
2014-07-03,0.7227691119223931
2014-07-07,0.7109263706783974
2014-07-08,0.7378027077881428
2014-07-09,0.7152542110474289
2014-07-10,0.7316887917996118
2014-07-11,0.7434409168392804
2014-07-14,0.7292121022036843
2014-07-15,0.7437577202044322
2014-07-16,0.6915579739630163
2014-07-17,0.703392000335558
2014-07-18,0.6931270645546435
2014-07-21,0.6954473151169102
2014-07-22,0.6904311651926999
2014-07-23,0.6886767269189548
2014-07-24,0.673119161030656
2014-07-25,0.6779683114733079
2014-07-28,0.6776801567527861
2014-07-29,0.6822079436890567
2014-07-30,0.682147030974021
2014-07-31,0.7021462711431311
2014-08-01,0.7050053925228589
2014-08-04,0.6978163600695627
2014-08-05,0.7075018298743861
2014-08-06,0.7074861914803513
2014-08-07,0.7130428115151208
2014-08-08,0.7015114088314298
2014-08-11,0.6987519836460536
2014-08-12,0.7003886252874162
2014-08-13,0.6936814651064208
2014-08-14,0.6894562105651524
2014-08-15,0.7284567534806989
2014-08-18,0.728743856222118
2014-08-19,0.7161517157727912
2014-08-20,0.7112399899659705
2014-08-21,0.7123565347737755
2014-08-22,0.7239534036376299
2014-08-25,0.7097673437742367
2014-08-26,0.7026998794727374
2014-08-27,0.6858881425842352
2014-08-28,0.6942075688126712
2014-08-29,0.6841836609774191
2014-09-02,0.6964492048496919
2014-09-03,0.6962921489678917
2014-09-04,0.7179930843440493
2014-09-05,0.7119802650755661
2014-09-08,0.6876466990680411
2014-09-09,0.6941917082833176
2014-09-10,0.6905456338656242
2014-09-11,0.6787597536585462
2014-09-12,0.6847223120665992
2014-09-15,0.6854324634472332
2014-09-16,0.6779480874423452
2014-09-17,0.6766524436510551
2014-09-18,0.6714745220031072
2014-09-19,0.6372949405709932
2014-09-22,0.6082183691888818
2014-09-23,0.6139948704874475
2014-09-24,0.6061623791529255
2014-09-25,0.6223311517134671
2014-09-26,0.6137553267673796
2014-09-29,0.6163021291281853
2014-09-30,0.6190880578689525
2014-10-01,0.6323366189240236
2014-10-02,0.6323314754621163
2014-10-03,0.6211659660211541
2014-10-06,0.622731125817097
2014-10-07,0.6378571784920528
2014-10-08,0.6203955282315601
2014-10-09,0.6410569433893794
2014-10-10,0.6525079556995476
2014-10-13,0.6689758854407827
2014-10-14,0.6673970206297749
2014-10-15,0.6754973355879236
2014-10-16,0.6753523576275317
2014-10-17,0.6624682502432423
2014-10-20,0.6533255930379945
2014-10-21,0.6337511061370565
2014-10-22,0.6410504363667603
2014-10-23,0.628747059193402
2014-10-24,0.62169360967941
2014-10-27,0.6231951779871749
2014-10-28,0.6112561048998422
2014-10-29,0.6078922765232385
2014-10-30,0.6016621525789699
2014-10-31,0.5899307587412307
2014-11-03,0.5900496804697175
2014-11-04,0.5928795221461087
2014-11-05,0.5871790250849229
2014-11-06,0.5978144476054594
2014-11-07,0.6347907646045525
2014-11-10,0.6330131952174545
2014-11-11,0.6194444176583134
2014-11-12,0.6079205959384127
2014-11-13,0.6043654212688792
2014-11-14,0.6055044339336102
2014-11-17,0.6235018853452887
2014-11-18,0.5933543809845149
2014-11-19,0.6053950212789626
2014-11-20,0.6236007529814104
2014-11-21,0.63921407851928
2014-11-24,0.6443880049218184
2014-11-25,0.6612242569115602
2014-11-26,0.6313912722597352
2014-11-28,0.5913411054647479
2014-12-01,0.5981704683838736
2014-12-02,0.5917860070036125
2014-12-03,0.5867289407745603
2014-12-04,0.6041952109891471
2014-12-05,0.5628049882391812
2014-12-08,0.5700615531654268
2014-12-09,0.5702993770783178
2014-12-10,0.5866503455552401
2014-12-11,0.5821146565446265
2014-12-12,0.5983282438810279
2014-12-15,0.6046708304072617
2014-12-16,0.6131598534706227
2014-12-17,0.5928074374383406
2014-12-18,0.5687922331103484
2014-12-19,0.5642221841146512
2014-12-22,0.560411720070305
2014-12-23,0.5586653582336832
2014-12-24,0.558804654742069
2014-12-26,0.5571075103619422
2014-12-29,0.5562457362160264
2014-12-30,0.5611343406002732
2014-12-31,0.5714451993449727
2015-01-02,0.571785162933936
2015-01-05,0.5900632680236393
2015-01-06,0.5989567398937521
2015-01-07,0.5873268972511769
2015-01-08,0.5694386162053793
2015-01-09,0.5778424272459526
2015-01-12,0.5859361124893113
2015-01-13,0.588514667987233
2015-01-14,0.5943277349370167
2015-01-15,0.6035756110625704
2015-01-16,0.5901514116671184
2015-01-20,0.5886014592392917
2015-01-21,0.5838698354138484
2015-01-22,0.5686001136078779
2015-01-23,0.5740916360556734
2015-01-26,0.5715231749697376
2015-01-27,0.584911037349054
2015-01-28,0.5984066468874814
2015-01-29,0.5888719615097788
2015-01-30,0.6018639268777443
2015-02-02,0.5889014628405186
2015-02-03,0.574461967901979
2015-02-04,0.5786180138522697
2015-02-05,0.5683266070518692
2015-02-06,0.5717447794485667
2015-02-09,0.5759919740673979
2015-02-10,0.565316412878993
2015-02-11,0.5653454466640567
2015-02-12,0.5557009403139871
2015-02-13,0.551626201709119
2015-02-17,0.5500286270826421
2015-02-18,0.5503429361813312
2015-02-19,0.5514049937673539
2015-02-20,0.5403940573424132
2015-02-23,0.5832367305237364
2015-02-24,0.5726311301666368
2015-02-25,0.5846274450218121
2015-02-26,0.5923603478675974
2015-02-27,0.6284271440478951
2015-03-02,0.6000332507707533
2015-03-03,0.6070340276441732
2015-03-04,0.6235502560280219
2015-03-05,0.5776097500250643
2015-03-06,0.5917836964740687
2015-03-09,0.5878392752229674
2015-03-10,0.6048006055651143
2015-03-11,0.6067182851669063
2015-03-12,0.5941168455686167
2015-03-13,0.6001915566205108
2015-03-16,0.5866578854768955
2015-03-17,0.5899780591255726
2015-03-18,0.5778196375781413
2015-03-19,0.5994436974696145
2015-03-20,0.6083772789636779
2015-03-23,0.6141693687250912
2015-03-24,0.5754037271201796
2015-03-25,0.5981000950170475
2015-03-26,0.6128842017688019
2015-03-27,0.6401922069998716
2015-03-30,0.6035793354751323
2015-03-31,0.6120811066851015
2015-04-01,0.6369227806714564
2015-04-02,0.6557144838093703
2015-04-06,0.6509369690415023
2015-04-07,0.6715590525250753
2015-04-08,0.7022834484531649
2015-04-09,0.7443126889771557
2015-04-10,0.7080912877417009
2015-04-13,0.7237382508193837
2015-04-14,0.744258277081101
2015-04-15,0.7589954360895925
2015-04-16,0.7245282864835257
2015-04-17,0.7706885527124101
2015-04-20,0.7605771068855811
2015-04-21,0.7737103874728776
2015-04-22,0.7781597415760367
2015-04-23,0.7856167228838967
2015-04-24,0.7543273528976069
2015-04-27,0.7928780771679603
2015-04-28,0.7626503229228158
2015-04-29,0.7387786939642148
2015-04-30,0.7972575622563298
2015-05-01,0.7852364885103875
2015-05-04,0.747850913577612
2015-05-05,0.7429900057409707
2015-05-06,0.7552933052833336
2015-05-07,0.8039831144748281
2015-05-08,0.7768805793608964
2015-05-11,0.7863343298538712
2015-05-12,0.8069127438502144
2015-05-13,0.8174043399723578
2015-05-14,0.8106103436523759
2015-05-15,0.843649733981412
2015-05-18,0.8536826575510754
2015-05-19,0.8516077627330627
2015-05-20,0.8803633314471802
2015-05-21,0.8760365070166511
2015-05-22,0.8394085461940239
2015-05-26,0.8870134857062382
2015-05-27,0.8683005729373603
2015-05-28,0.8618310180870161
2015-05-29,0.8783190011561748
2015-06-01,0.8610469903015909
2015-06-02,0.8786389573019187
2015-06-03,0.8422184105467003
2015-06-04,0.8669239567069834
2015-06-05,0.8579410894220407
2015-06-08,0.8703991446132479
2015-06-09,0.8913705430915014
2015-06-10,0.8899670231719529
2015-06-11,0.8820231001115995
2015-06-12,0.8665498306680662
2015-06-15,0.8711724027895807
2015-06-16,0.8654825463842756
2015-06-17,0.8779996921144896
2015-06-18,0.8624142338656312
2015-06-19,0.8899128302537584
2015-06-22,0.89744298770395
2015-06-23,0.8767865243715885
2015-06-24,0.8752346559307157
2015-06-25,0.8810094985377972
2015-06-26,0.7987031344302977
2015-06-29,0.819569328039909
2015-06-30,0.8169108385643651
2015-07-01,0.8099747981894729
2015-07-02,0.8102828211333292
2015-07-06,0.8141445777411591
2015-07-07,0.8080636026936958
2015-07-08,0.8247163516604952
2015-07-09,0.8224541490309483
2015-07-10,0.8101156642226892
2015-07-13,0.7990496147262616
2015-07-14,0.7945964557609393
2015-07-15,0.7953314419085551
2015-07-16,0.7873167613612273
2015-07-17,0.7898617593321937
2015-07-20,0.7966873372684466
2015-07-21,0.803179025447243
2015-07-22,0.7941491010518856
2015-07-23,0.7646417392389669
2015-07-24,0.723471847418184
2015-07-27,0.7292468622360387
2015-07-28,0.7168607078158696
2015-07-29,0.7134037447828928
2015-07-30,0.7142269207374622
2015-07-31,0.7325588753938059
2015-08-03,0.7294537710887371
2015-08-04,0.7408642002560234
2015-08-05,0.701126043126574
2015-08-06,0.7191681648362858
2015-08-07,0.7406965857834156
2015-08-10,0.7044722749991075
2015-08-11,0.7140293778372121
2015-08-12,0.7130793229276379
2015-08-13,0.7143545349012312
2015-08-14,0.7104425710257303
2015-08-17,0.6934155335434558
2015-08-18,0.6765043704161493
2015-08-19,0.6847592469225875
2015-08-20,0.705859417022886
2015-08-21,0.7377103823459
2015-08-24,0.7771240753520011
2015-08-25,0.7906460705492364
2015-08-26,0.7516122114536501
2015-08-27,0.7273144630488377
2015-08-28,0.7267057266556403
2015-08-31,0.7350973968210902
2015-09-01,0.7646738433943602
2015-09-02,0.7463808687939312
2015-09-03,0.7452160750080913
2015-09-04,0.7605456706390088
2015-09-08,0.7354626173044565
2015-09-09,0.7493601777552935
2015-09-10,0.7440822227213294
2015-09-11,0.7395951793901617
2015-09-14,0.7436848353395801
2015-09-15,0.7308535236710999
2015-09-16,0.722148109207661
2015-09-17,0.7247091688168934
2015-09-18,0.7408733346253771
2015-09-21,0.736307550716248
2015-09-22,0.7486259802587599
2015-09-23,0.7506746229080522
2015-09-24,0.7540376074787936
2015-09-25,0.754503400550388
2015-09-28,0.7801694908672908
2015-09-29,0.7789366377686958
2015-09-30,0.7598610821165938
2015-10-01,0.757887197884182
2015-10-02,0.7435719086299765
2015-10-05,0.7252820675579305
2015-10-06,0.7288703037996839
2015-10-07,0.7208346702152807
2015-10-08,0.7120162345829818
2015-10-09,0.7112911232253264
2015-10-12,0.7100156461616317
2015-10-13,0.716841070341636
2015-10-14,0.7215573444550271
2015-10-15,0.7067045708929042
2015-10-16,0.7021340966167403
2015-10-19,0.6626387758036405
2015-10-20,0.5961237053674651
2015-10-21,0.6848785211713326
2015-10-22,0.6549815967685825
2015-10-23,0.612032880247713
2015-10-26,0.6335275370812284
2015-10-27,0.6656286690357339
2015-10-28,0.6400768696529362
2015-10-29,0.6241994213104636
2015-10-30,0.6804472952244444
2015-11-02,0.6491924526095271
2015-11-03,0.6137897928551389
2015-11-04,0.6372726131491863
2015-11-05,0.6592447608903018
2015-11-06,0.6049951976623209
2015-11-09,0.6148179270265138
2015-11-10,0.6133073318691594
2015-11-11,0.5291729970169221
2015-11-12,0.5431633724386089
2015-11-13,0.5543707373193323
2015-11-16,0.539467472223846
2015-11-17,0.5408068514722464
2015-11-18,0.524644399533353
2015-11-19,0.5257675087551719
2015-11-20,0.5219573128920796
2015-11-23,0.5180339893532312
2015-11-24,0.530292808991374
2015-11-25,0.5208721803045957
2015-11-27,0.5261324881542371
2015-11-30,0.5732247705406524
2015-12-01,0.5231352984871734
2015-12-02,0.4606267181321919
2015-12-03,0.47500024499970606
2015-12-04,0.45447457604717023
2015-12-07,0.43202171769691
2015-12-08,0.43851161912473224
2015-12-09,0.4462506042520924
2015-12-10,0.4439992172704956
2015-12-11,0.4634219844011074
2015-12-14,0.45866642452703954
2015-12-15,0.44804786333012214
2015-12-16,0.4335328939864804
2015-12-17,0.448573414556092
2015-12-18,0.46637063464779216
2015-12-21,0.458592232404588
2015-12-22,0.4497754959978896
2015-12-23,0.42817354259528473
2015-12-24,0.44057468661614263
2015-12-28,0.4427532464450529
2015-12-29,0.43212348374143017
2015-12-30,0.4393407123388611
2015-12-31,0.4487526254286395
2016-01-04,0.46405635641042964
2016-01-05,0.4620441303356906
2016-01-06,0.4751595269527056
2016-01-07,0.4988599699918038
2016-01-08,0.5096983446262802
2016-01-11,0.5088450723177027
2016-01-12,0.501042273679331
2016-01-13,0.5260077262820635
2016-01-14,0.509311820640667
2016-01-15,0.5309109187624511
2016-01-19,0.530379097208043
2016-01-20,0.5420729523607964
2016-01-21,0.5368775140961531
2016-01-22,0.5165938131652562
2016-01-25,0.5322317950335704
2016-01-26,0.5180874593513667
2016-01-27,0.5289509432981854
2016-01-28,0.5234223661873219
2016-01-29,0.498662148705489
2016-02-01,0.49910538511151714
2016-02-02,0.517848476154162
2016-02-03,0.5128564372187638
2016-02-04,0.5113297045893541
2016-02-05,0.52981095072242
2016-02-08,0.5439648866850045
2016-02-09,0.5446285067855493
2016-02-10,0.5448174572865017
2016-02-11,0.55711861892103
2016-02-12,0.5376005694870007
2016-02-16,0.5210839152323343
2016-02-17,0.5068633065258161
2016-02-18,0.5383046683644422
2016-02-19,0.5951520025591099
2016-02-22,0.5305679350860468
2016-02-23,0.5487646638362033
2016-02-24,0.5791265103926259
2016-02-25,0.5530645733470543
2016-02-26,0.5384014076533697
2016-02-29,0.6335613709265019
2016-03-01,0.6264049258806864
2016-03-02,0.6542047308820717
2016-03-03,0.6385804084045023
2016-03-04,0.6319050815828697
2016-03-07,0.5918990818841137
2016-03-08,0.6169617590168468
2016-03-09,0.629261869442052
2016-03-10,0.6805193688653188
2016-03-11,0.6798828479584962
2016-03-14,0.6669982131197354
2016-03-15,0.7051692904550375
2016-03-16,0.7288231161843217
2016-03-17,0.7300386847033169
2016-03-18,0.7536201240488727
2016-03-21,0.765618797862323
2016-03-22,0.7185326112673239
2016-03-23,0.7301303693070132
2016-03-24,0.7445503063237804
2016-03-28,0.8019514100743901
2016-03-29,0.817701854519695
2016-03-30,0.8064725302936784
2016-03-31,0.8376039590090104
2016-04-01,0.8035807746805546
2016-04-04,0.7490358949630017
2016-04-05,0.8255112018552216
2016-04-06,0.72209023620909
2016-04-07,0.7609757004214408
2016-04-08,0.7431848956724377
2016-04-11,0.7787502557067623
2016-04-12,0.8195658948243183
2016-04-13,0.8128874742397558
2016-04-14,0.8259190794544176
2016-04-15,0.8895371321362596
2016-04-18,0.8742097257803036
2016-04-19,0.8657697098479967
2016-04-20,0.8464415109272049
2016-04-21,0.8766071611513052
2016-04-22,0.8629010878992919
2016-04-25,0.8871682618350524
2016-04-26,0.9142120915593445
2016-04-27,0.8533311151922468
2016-04-28,0.8292853093279203
2016-04-29,0.8963471827891705
2016-05-02,0.8426809194767442
2016-05-03,0.8386187049254145
2016-05-04,0.8463151249631585
2016-05-05,0.8918312583832372
2016-05-06,0.9110613233558428
2016-05-09,0.9596139278579651
2016-05-10,0.9105831207741804
2016-05-11,0.9317053326648224
2016-05-12,0.8949105120923215
2016-05-13,0.9501160400986065
2016-05-16,0.8965638516411709
2016-05-17,0.9102359863610028
2016-05-18,0.9057880479631738
2016-05-19,0.9443224696770781
2016-05-20,0.9449266678752456
2016-05-23,0.9864928309518468
2016-05-24,0.991802072501621
2016-05-25,0.9950690375843398
2016-05-26,1.0235327645992647
2016-05-27,1.0200540533725833
2016-05-31,1.0278422949079298
2016-06-01,1.0544582952272656
2016-06-02,1.056472043703231
2016-06-03,1.071965467968379
2016-06-06,1.0664545958944438
2016-06-07,1.058564996213248
2016-06-08,1.0362504860689046
2016-06-09,0.9475602778496569
2016-06-10,0.8064324286797518
2016-06-13,0.8145476197030321
2016-06-14,0.8163465052060314
2016-06-15,0.8181872179032691
2016-06-16,0.8150542273167375
2016-06-17,0.8183121924814302
2016-06-20,0.8125040073690629
2016-06-21,0.8097919459266051
2016-06-22,0.8114435095064094
2016-06-23,0.798079430935914
2016-06-24,0.8339992308514278
2016-06-27,0.8520957329716289
2016-06-28,0.8343255677627536
2016-06-29,0.817292895052259
2016-06-30,0.8195248130380838
2016-07-01,0.8077437837508622
2016-07-05,0.8419940404978747
2016-07-06,0.8446818695597964
2016-07-07,0.9111778030411152
2016-07-08,0.8957433271343991
2016-07-11,0.9155231173467102
2016-07-12,0.924979829549698
2016-07-13,0.9255418045511734
2016-07-14,0.9251564039086164
2016-07-15,0.943234182101749
2016-07-18,0.9417033513587311
2016-07-19,0.9720648823272983
2016-07-20,0.939019950702193
2016-07-21,0.9654487576577333
2016-07-22,0.9670542404513089
2016-07-25,0.9798274631654921
2016-07-26,1.0016250135259233
2016-07-27,1.0210986113916047
2016-07-28,1.0541271943155703
2016-07-29,1.0687770470995055
2016-08-01,1.0324663284278657
2016-08-02,1.064496928359413
2016-08-03,1.0886647292442997
2016-08-04,1.1227058095180305
2016-08-05,1.1362292783457426
2016-08-08,1.1533376172714007
2016-08-09,1.1290335032377317
2016-08-10,1.1372488794832996
2016-08-11,1.1424582406930122
2016-08-12,1.1589247626217412
2016-08-15,1.1219974998944844
2016-08-16,1.1529218985280298
2016-08-17,1.1686987455858673
2016-08-18,1.1613514988257658
2016-08-19,1.1596599350798045
2016-08-22,1.1629551798266369
2016-08-23,1.138254385993569
2016-08-24,1.142518917099968
2016-08-25,1.1408144917414043
2016-08-26,1.162967165496068
2016-08-29,1.1654188495818705
2016-08-30,1.1609762050552392
2016-08-31,1.1689676834555587
2016-09-01,1.2055113845434924
2016-09-02,1.2274601205248157
2016-09-06,1.237156198850738
2016-09-07,1.23376189102974
2016-09-08,1.0757056487074799
2016-09-09,1.1002277175647754
2016-09-12,1.0855506650393836
2016-09-13,1.1003813390526505
2016-09-14,1.1009690157027272
2016-09-15,1.0908597424521806
2016-09-16,1.0946320373593075
2016-09-19,1.0946506404566152
2016-09-20,1.0943515020422203
2016-09-21,1.0834343398881334
2016-09-22,1.0725884732506663
2016-09-23,1.0250405036082983
2016-09-26,1.033628266062358
2016-09-27,1.0271840960010972
2016-09-28,0.9904367534696031
2016-09-29,1.021797711872958
2016-09-30,1.01592530119349
2016-10-03,1.020535201029439
2016-10-04,1.025490763329468
2016-10-05,1.021194072787793
2016-10-06,1.020045490176356
2016-10-07,1.0338449757269763
2016-10-10,1.001101673378344
2016-10-11,1.0135481451416015
2016-10-12,1.012401555716203
2016-10-13,1.015500819551294
2016-10-14,1.0152992153731404
2016-10-17,1.0183372091943483
2016-10-18,1.0121768057144518
2016-10-19,1.0099848348857048
2016-10-20,1.0220071682624328
2016-10-21,1.0573944821314303
2016-10-24,1.0418959154099554
2016-10-25,1.021090146249234
2016-10-26,1.0055450514713975
2016-10-27,1.0085317784047851
2016-10-28,1.0116400777703742
2016-10-31,1.0117623542884306
2016-11-01,1.018549237464648
2016-11-02,1.0250747380941063
2016-11-03,1.0294981387924012
2016-11-04,1.0311642693002958
2016-11-07,1.0089407252843352
2016-11-08,1.005168750860187
2016-11-09,0.9940917301893688
2016-11-10,0.992140984564482
2016-11-11,0.9935389347314773
2016-11-14,1.0363726277722254
2016-11-15,1.0225890444070802
2016-11-16,1.052967400335652
2016-11-17,1.0527300196379779
2016-11-18,1.100660618769664
2016-11-21,1.0877982783956894
2016-11-22,1.0832718737409466
2016-11-23,1.0893268709538582
2016-11-25,1.0763632886460275
2016-11-28,1.0884964058918205
2016-11-29,1.0844519964683332
2016-11-30,1.0496659521234646
2016-12-01,1.0541631009700707
2016-12-02,1.117997497666508
2016-12-05,1.1443116449665502
2016-12-06,1.138445673714867
2016-12-07,1.1223738068540838
2016-12-08,1.1312096624137864
2016-12-09,1.117391441088327
2016-12-12,1.109915855908444
2016-12-13,1.1051813614740345
2016-12-14,1.1278272192510905
2016-12-15,1.1359333560383589
2016-12-16,1.1736646484549922
2016-12-19,1.191066846247772
2016-12-20,1.2033222191193766
2016-12-21,1.1879881088556226
2016-12-22,1.195264407832867
2016-12-23,1.2068517687581146
2016-12-27,1.1700501552893243
2016-12-28,1.162205943623892
2016-12-29,1.1417264583063236
2016-12-30,1.2174779483014677
2017-01-03,1.2611206927582193
2017-01-04,1.2586170086578663
2017-01-05,1.2729011926547003
2017-01-06,1.2713986221311278
2017-01-09,1.2815526346947967
2017-01-10,1.303331046073239
2017-01-11,1.3009667465854566
2017-01-12,1.3004136115581673
2017-01-13,1.3013623158311007
2017-01-17,1.3089809813112452
2017-01-18,1.2958283013281462
2017-01-19,1.3385871853644253
2017-01-20,1.343332728223752
2017-01-23,1.392424302433933
2017-01-24,1.410637579691942
2017-01-25,1.397442221184558
2017-01-26,1.4100783596284123
2017-01-27,1.3825366736407472
2017-01-30,1.3931494053447533
2017-01-31,1.411519209155821
2017-02-01,1.4030480161588628
2017-02-02,1.4229098936809703
2017-02-03,1.4161807240115591
2017-02-06,1.4103941958160258
2017-02-07,1.413071208277577
2017-02-08,1.4228841731838073
2017-02-09,1.4252364325701539
2017-02-10,1.4533290260700238
2017-02-13,1.4911380328814454
2017-02-14,1.4503735766195798
2017-02-15,1.4401497549445552
2017-02-16,1.4400471288782464
2017-02-17,1.4322915454223972
2017-02-21,1.4241405038909352
2017-02-22,1.425222704267457
2017-02-23,1.4248037172216774
2017-02-24,1.4233103531560836
2017-02-27,1.4222923701412156
2017-02-28,1.4248707463412367
2017-03-01,1.4111968918358542
2017-03-02,1.4170567723132141
2017-03-03,1.416552895172377
2017-03-06,1.4194109255004623
2017-03-07,1.4186636395855259
2017-03-08,1.4209478551262142
2017-03-09,1.4201479596484707
2017-03-10,1.4168792892278703
2017-03-13,1.416512656435124
2017-03-14,1.4198916838077016
2017-03-15,1.4115169308387685
2017-03-16,1.4192316216732817
2017-03-17,1.4201921023651847
2017-03-20,1.40301547630491
2017-03-21,1.4154234491715698
2017-03-22,1.4135335630092494
2017-03-23,1.4145938325708554
2017-03-24,1.4154378286462002
2017-03-27,1.4164574158527428
2017-03-28,1.4092059416997653
2017-03-29,1.4081206167248028
2017-03-30,1.4051855066955337
2017-03-31,1.4074405542310489
2017-04-03,1.4090826798522067
2017-04-04,1.4085231573959307
2017-04-05,1.4115780186209443
2017-04-06,1.4096485092414226
2017-04-07,1.4104756393706157
2017-04-10,1.4097879529067134
2017-04-11,1.411221832289607
2017-04-12,1.4149817830458211
2017-04-13,1.4217964774987042
2017-04-17,1.4131831283834144
2017-04-18,1.4160865085184355
2017-04-19,1.4178028590712364
2017-04-20,1.4102455956603355
2017-04-21,1.4132806688117012
2017-04-24,1.402440599820236
2017-04-25,1.3853949998772364
2017-04-26,1.396678348375041
2017-04-27,1.3957808245952181
2017-04-28,1.43726646308396
2017-05-01,1.431488798029932
2017-05-02,1.4100574243547974
2017-05-03,1.4372224643488978
2017-05-04,1.4308106959806626
2017-05-05,1.453376227401786
2017-05-08,1.4550911535319115
2017-05-09,1.4523584521098387
2017-05-10,1.453764271212372
2017-05-11,1.4578732499756062
2017-05-12,1.4794876711205367
2017-05-15,1.4845486925101445
2017-05-16,1.3025946742335734
2017-05-17,1.3207728888227925
2017-05-18,1.317086070287143
2017-05-19,1.3103185706691587
2017-05-22,1.3059661531905773
2017-05-23,1.3311662435177085
2017-05-24,1.3168238355915616
2017-05-25,1.3296130228042686
2017-05-26,1.3367947782030398
2017-05-30,1.3296574859760821
2017-05-31,1.3538540041076335
2017-06-01,1.344117072003519
2017-06-02,1.3353024911482503
2017-06-05,1.3148326111618718
2017-06-06,1.3279743586012802
2017-06-07,1.3501646334754807
2017-06-08,1.3346795739673976
2017-06-09,1.3246925259503035
2017-06-12,1.360234837033783
2017-06-13,1.3588061933077533
2017-06-14,1.3484491038472741
2017-06-15,1.3616645302381043
2017-06-16,1.3904363653116836
2017-06-19,1.3564762684380278
2017-06-20,1.3714343154877375
2017-06-21,1.383003862064977
2017-06-22,1.3930378108352643
2017-06-23,1.41355319626619
2017-06-26,1.3777739169379073
2017-06-27,1.385846741601016
2017-06-28,1.3770386754722785
2017-06-29,1.3856386986245024
2017-06-30,1.384105466787858
2017-07-03,1.381794632796353
2017-07-05,1.3803413538944682
2017-07-06,1.3897101776896026
2017-07-07,1.3833070520541633
2017-07-10,1.382379285841722
2017-07-11,1.3831619667236517
2017-07-12,1.3758563589644661
2017-07-13,1.3739817747017014
2017-07-14,1.3693082713802016
2017-07-17,1.376183031211239
2017-07-18,1.3811081086319792
2017-07-19,1.3805486402167548
2017-07-20,1.3887926904709604
2017-07-21,1.4063109360538273
2017-07-24,1.405050843544853
2017-07-25,1.4021276717461888
2017-07-26,1.4018450079243174
2017-07-27,1.4028176960926464
2017-07-28,1.4041588115819805
2017-07-31,1.4048869572591949
2017-08-01,1.4024378422205384
2017-08-02,1.4019451937856562
2017-08-03,1.404128847870712
2017-08-04,1.4022397443473797
2017-08-07,1.40059254455106
2017-08-08,1.403006977244092
2017-08-09,1.403370585776231
2017-08-10,1.4178450276604968
