2011-10-05,0.0
2011-10-06,0.0
2011-10-07,0.0
2011-10-10,0.0
2011-10-11,0.0
2011-10-12,0.0
2011-10-13,0.0
2011-10-14,0.0
2011-10-17,0.0
2011-10-18,0.0
2011-10-19,0.0
2011-10-20,0.0
2011-10-21,0.0
2011-10-24,0.0
2011-10-25,0.0
2011-10-26,0.0
2011-10-27,0.0
2011-10-28,0.0
2011-10-31,0.0
2011-11-01,0.0
2011-11-02,0.0
2011-11-03,0.0
2011-11-04,0.0
2011-11-07,0.0
2011-11-08,0.0
2011-11-09,0.0
2011-11-10,0.0
2011-11-11,0.0
2011-11-14,0.0
2011-11-15,0.0
2011-11-16,0.0
2011-11-17,0.0
2011-11-18,0.0
2011-11-21,0.0
2011-11-22,0.0
2011-11-23,0.0
2011-11-25,0.0
2011-11-28,0.0
2011-11-29,0.0
2011-11-30,0.02038579570363863
2011-12-01,0.02489707389912743
2011-12-02,0.026180221888862265
2011-12-05,0.030238316720130998
2011-12-06,-0.0006061844498326252
2011-12-07,-0.046260266978366715
2011-12-08,-0.046260266978366715
2011-12-09,-0.04626026697836649
2011-12-12,-0.044092010256770786
2011-12-13,-0.04365929714556338
2011-12-14,-0.006462065311653387
2011-12-15,0.0016697111687469235
2011-12-16,0.00890859431249047
2011-12-19,0.07092091464103256
2011-12-20,0.1389796926766087
2011-12-21,0.13427295842606557
2011-12-22,0.11099176526491616
2011-12-23,0.11713701666156418
2011-12-27,0.0743829911201983
2011-12-28,0.09971168408230202
2011-12-29,0.08556874612265652
2011-12-30,0.1354922350285478
2012-01-03,0.1540748548135723
2012-01-04,0.17768422701890219
2012-01-05,0.1939344454358164
2012-01-06,0.20768960362013555
2012-01-09,0.22702474608960632
2012-01-10,0.21005303227929006
2012-01-11,0.22393251772275657
2012-01-12,0.19855689167935087
2012-01-13,0.20695017705105345
2012-01-17,0.24279186211984916
2012-01-18,0.2701778903258184
2012-01-19,0.3001858711717881
2012-01-20,0.3251355070000851
2012-01-23,0.32014609061060817
2012-01-24,0.36527601007573507
2012-01-25,0.36120505921792767
2012-01-26,0.38631454826902245
2012-01-27,0.35469962374609454
2012-01-30,0.35646432962844765
2012-01-31,0.3818606889942725
2012-02-01,0.41206827668217516
2012-02-02,0.4657091882997405
2012-02-03,0.47560103741606874
2012-02-06,0.4682874681330599
2012-02-07,0.4467113597262712
2012-02-08,0.3958844133769369
2012-02-09,0.3056450026955372
2012-02-10,0.3906652456105172
2012-02-13,0.3738024442327905
2012-02-14,0.3152846958294042
2012-02-15,0.3517257748639522
2012-02-16,0.35918391793853344
2012-02-17,0.3599337679685275
2012-02-21,0.3860089965014213
2012-02-22,0.4521693587038458
2012-02-23,0.4139501806216539
2012-02-24,0.405974108837008
2012-02-27,0.41616793511123606
2012-02-28,0.43180181799924056
2012-02-29,0.4512532593650397
2012-03-01,0.44452710974252774
2012-03-02,0.4464618803340147
2012-03-05,0.36797912171332503
2012-03-06,0.4164748558848561
2012-03-07,0.43553267173068066
2012-03-08,0.4556096794314508
2012-03-09,0.5009049072556622
2012-03-12,0.5481063516714475
2012-03-13,0.5135004403413982
2012-03-14,0.5266398713912771
2012-03-15,0.5294099544937704
2012-03-16,0.5908112603702144
2012-03-19,0.6358840156050422
2012-03-20,0.6841067912446165
2012-03-21,0.6704998797975323
2012-03-22,0.7403487959350405
2012-03-23,0.8354163358449873
2012-03-26,0.7371077665523977
2012-03-27,0.724463969267705
2012-03-28,0.7305519298009263
2012-03-29,0.7543390972500655
2012-03-30,0.7551543423331185
2012-04-02,0.7374372055853333
2012-04-03,0.7139065743009962
2012-04-04,0.6910827951077901
2012-04-05,0.6302462932066495
2012-04-09,0.5896447894472511
2012-04-10,0.6015811289697975
2012-04-11,0.6442952955371751
2012-04-12,0.6129863770660556
2012-04-13,0.6286301797134687
2012-04-16,0.6558813645475919
2012-04-17,0.6467118143745814
2012-04-18,0.6429285654368014
2012-04-19,0.6594628024080563
2012-04-20,0.6427377032644274
2012-04-23,0.6651188753917924
2012-04-24,0.6963759279758593
2012-04-25,0.7301482304397505
2012-04-26,0.7324083496096704
2012-04-27,0.7099606251324255
2012-04-30,0.7396345267786455
2012-05-01,0.7359685389986049
2012-05-02,0.7147334138447271
2012-05-03,0.6699791952093639
2012-05-04,0.6840235226177467
2012-05-07,0.6798036567878396
2012-05-08,0.6600274968399965
2012-05-09,0.6756576930488426
2012-05-10,0.667690000405315
2012-05-11,0.6386439007243822
2012-05-14,0.6386439007243822
2012-05-15,0.6386439007243822
2012-05-16,0.6386439007243822
2012-05-17,0.6386439007243822
2012-05-18,0.6386439007243822
2012-05-21,0.6386439007243822
2012-05-22,0.6386439007243822
2012-05-23,0.6386439007243822
2012-05-24,0.6449704313366272
2012-05-25,0.6449704313366272
2012-05-29,0.6449704313366272
2012-05-30,0.6449704313366272
2012-05-31,0.6449704313366272
2012-06-01,0.6449704313366272
2012-06-04,0.6449704313366272
2012-06-05,0.6449704313366272
2012-06-06,0.6449704313366272
2012-06-07,0.6449704313366272
2012-06-08,0.6449704313366272
2012-06-11,0.6449704313366272
2012-06-12,0.6449704313366272
2012-06-13,0.6449704313366272
2012-06-14,0.6449704313366272
2012-06-15,0.6449704313366272
2012-06-18,0.6538957937422819
2012-06-19,0.6954447579607378
2012-06-20,0.5750921757480584
2012-06-21,0.6809503463544303
2012-06-22,0.644066052674133
2012-06-25,0.6765506883194358
2012-06-26,0.6673184239851307
2012-06-27,0.6989515774917515
2012-06-28,0.766576963752745
2012-06-29,0.8298075103407446
2012-07-02,0.8499101173975973
2012-07-03,0.8130631503443283
2012-07-05,0.8199898340612933
2012-07-06,0.8300438080267923
2012-07-09,0.8022776722346717
2012-07-10,0.8320222567804202
2012-07-11,0.8223937900090962
2012-07-12,0.8809375921859958
2012-07-13,0.8921185844990637
2012-07-16,0.9279562782496805
2012-07-17,0.9171861676892537
2012-07-18,0.939924389097867
2012-07-19,0.886697822917933
2012-07-20,0.8169465791368384
2012-07-23,0.7789746035244736
2012-07-24,0.7789746035244736
2012-07-25,0.7789746035244736
2012-07-26,0.7789746035244736
2012-07-27,0.7581288026068593
2012-07-30,0.7284863456444473
2012-07-31,0.7501113718884109
2012-08-01,0.7725117007005771
2012-08-02,0.8424614494442957
2012-08-03,0.8652869238008616
2012-08-06,0.8359913043684069
2012-08-07,0.8767670848792868
2012-08-08,0.880766721275978
2012-08-09,0.8986028462193913
2012-08-10,0.9259111543496172
2012-08-13,0.8742183670953095
2012-08-14,0.8744009821427895
2012-08-15,0.8943936788745769
2012-08-16,0.9209756174765639
2012-08-17,0.9217602730999291
2012-08-20,0.8946673207521637
2012-08-21,0.8873249138753727
2012-08-22,0.8664878220478426
2012-08-23,0.9062851504679256
2012-08-24,0.9006149103686965
2012-08-27,0.881814233187907
2012-08-28,0.8769104918148595
2012-08-29,0.8562862903182359
2012-08-30,0.8712415642653101
2012-08-31,0.8764745227229646
2012-09-04,0.8892604946851544
2012-09-05,0.9438616940178567
2012-09-06,0.9743875597724526
2012-09-07,0.9174775986596796
2012-09-10,0.9219974622708128
2012-09-11,0.9482052298742231
2012-09-12,1.0208206144896077
2012-09-13,0.9865406374385463
2012-09-14,0.9916647128878259
2012-09-17,1.0178928901332975
2012-09-18,1.0196208095992683
2012-09-19,1.0295389352281314
2012-09-20,1.0355877820229593
2012-09-21,1.0490278054191553
2012-09-24,0.9742737927021321
2012-09-25,0.9342918977111846
2012-09-26,1.0261510836297765
2012-09-27,1.0110017781241991
2012-09-28,1.0015020013392668
2012-10-01,1.0215079944454561
2012-10-02,1.0233444741729825
2012-10-03,1.047277606051303
2012-10-04,1.0604299727791011
2012-10-05,1.049282746090642
2012-10-08,1.0057610565929251
2012-10-09,1.0114301599794686
2012-10-10,1.0114301599794686
2012-10-11,1.0114301599794686
2012-10-12,1.0284889835088802
2012-10-15,1.03983947512253
2012-10-16,1.0467020099713396
2012-10-17,1.0474119567232032
2012-10-18,1.0148472449086672
2012-10-19,1.0148472449086672
2012-10-22,1.0148472449086672
2012-10-23,1.0148472449086672
2012-10-24,1.0148472449086672
2012-10-25,1.0148472449086672
2012-10-26,1.0148472449086672
2012-10-31,1.0148472449086672
2012-11-01,1.0148472449086672
2012-11-02,1.0148472449086672
2012-11-05,1.0148472449086672
2012-11-06,1.0148472449086672
2012-11-07,1.0148472449086672
2012-11-08,1.0148472449086672
2012-11-09,1.0148472449086672
2012-11-12,1.0148472449086672
2012-11-13,1.0148472449086672
2012-11-14,1.0148472449086672
2012-11-15,1.0148472449086672
2012-11-16,1.0148472449086672
2012-11-19,1.0148472449086672
2012-11-20,1.0115423428599148
2012-11-21,1.0115423428599148
2012-11-23,1.0115423428599148
2012-11-26,1.0115423428599148
2012-11-27,1.0115423428599148
2012-11-28,1.0115423428599148
2012-11-29,1.0017726482429374
2012-11-30,1.0017726482429374
2012-12-03,1.0017726482429374
2012-12-04,1.0017726482429374
2012-12-05,1.0017726482429374
2012-12-06,1.0017726482429374
2012-12-07,1.0017726482429374
2012-12-10,1.0017726482429374
2012-12-11,1.0017726482429374
2012-12-12,1.0017726482429374
2012-12-13,1.0017726482429374
2012-12-14,1.0017726482429374
2012-12-17,1.0017726482429374
2012-12-18,1.0017726482429374
2012-12-19,1.0017726482429374
2012-12-20,1.0017726482429374
2012-12-21,1.0017726482429374
2012-12-24,1.0017726482429374
2012-12-26,1.0017726482429374
2012-12-27,1.0017726482429374
2012-12-28,1.0017726482429374
2012-12-31,1.0017726482429374
2013-01-02,1.0017726482429374
2013-01-03,1.0017726482429374
2013-01-04,1.0017726482429374
2013-01-07,1.0017726482429374
2013-01-08,1.0017726482429374
2013-01-09,1.0017726482429374
2013-01-10,1.0017726482429374
2013-01-11,1.0017726482429374
2013-01-14,1.0017726482429374
2013-01-15,1.0017726482429374
2013-01-16,1.0017726482429374
2013-01-17,1.0017726482429374
2013-01-18,1.0017726482429374
2013-01-22,1.0017726482429374
2013-01-23,1.0017726482429374
2013-01-24,1.0017726482429374
2013-01-25,1.0017726482429374
2013-01-28,1.0017726482429374
2013-01-29,1.0017726482429374
2013-01-30,1.0017726482429374
2013-01-31,1.0017726482429374
2013-02-01,1.0017726482429374
2013-02-04,1.0017726482429374
2013-02-05,1.0017726482429374
2013-02-06,1.0017726482429374
2013-02-07,1.0017726482429374
2013-02-08,1.0017726482429374
2013-02-11,1.0017726482429374
2013-02-12,1.0017726482429374
2013-02-13,1.0017726482429374
2013-02-14,1.0017726482429374
2013-02-15,1.0017726482429377
2013-02-19,0.9043481982777931
2013-02-20,0.9043481982777931
2013-02-21,0.9043481982777931
2013-02-22,0.9043481982777931
2013-02-25,0.9043481982777931
2013-02-26,0.9043481982777931
2013-02-27,0.9043481982777931
2013-02-28,0.9043481982777931
2013-03-01,0.9043481982777931
2013-03-04,0.9043481982777931
2013-03-05,0.9043481982777931
2013-03-06,0.9043481982777931
2013-03-07,0.9043481982777931
2013-03-08,0.9043481982777931
2013-03-11,0.9043481982777931
2013-03-12,0.9043481982777931
2013-03-13,0.9043481982777931
2013-03-14,0.9043481982777931
2013-03-15,0.8526221708805328
2013-03-18,0.8526221708805328
2013-03-19,0.8526221708805328
2013-03-20,0.8526221708805328
2013-03-21,0.8526221708805328
2013-03-22,0.8526221708805328
2013-03-25,0.8526221708805328
2013-03-26,0.852622170880533
2013-03-27,0.8506497405484018
2013-03-28,0.8517476764289466
2013-04-01,0.8517476764289466
2013-04-02,0.8517476764289468
2013-04-03,0.8517476764289468
2013-04-04,0.8517476764289468
2013-04-05,0.8517476764289467
2013-04-08,0.8656675574192771
2013-04-09,0.8907146754238884
2013-04-10,0.8962356244279144
2013-04-11,0.9140292187339643
2013-04-12,0.7981451028498484
2013-04-15,0.7981451028498484
2013-04-16,0.7981451028498484
2013-04-17,0.7981451028498484
2013-04-18,0.7981451028498484
2013-04-19,0.7981451028498484
2013-04-22,0.7981451028498484
2013-04-23,0.7981451028498484
2013-04-24,0.7862204405039066
2013-04-25,0.7862204405039066
2013-04-26,0.7862204405039066
2013-04-29,0.7862204405039066
2013-04-30,0.7862204405039066
2013-05-01,0.7862204405039066
2013-05-02,0.7862204405039066
2013-05-03,0.8029145199462315
2013-05-06,0.8108004873222714
2013-05-07,0.8053342067420476
2013-05-08,0.7862588322404848
2013-05-09,0.7955975274432402
2013-05-10,0.8032169458553694
2013-05-13,0.810778747735028
2013-05-14,0.8039169483628055
2013-05-15,0.7931213093346013
2013-05-16,0.8196410092808942
2013-05-17,0.8060327161229826
2013-05-20,0.7988113322040344
2013-05-21,0.7873033960407514
2013-05-22,0.7825807164019895
2013-05-23,0.7830772734314947
2013-05-24,0.796919439342438
2013-05-28,0.796919439342438
2013-05-29,0.796919439342438
2013-05-30,0.796919439342438
2013-05-31,0.796919439342438
2013-06-03,0.796919439342438
2013-06-04,0.796919439342438
2013-06-05,0.796919439342438
2013-06-06,0.796919439342438
2013-06-07,0.796919439342438
2013-06-10,0.796919439342438
2013-06-11,0.796919439342438
2013-06-12,0.796919439342438
2013-06-13,0.796919439342438
2013-06-14,0.796919439342438
2013-06-17,0.796919439342438
2013-06-18,0.796919439342438
2013-06-19,0.796919439342438
2013-06-20,0.796919439342438
2013-06-21,0.796919439342438
2013-06-24,0.796919439342438
2013-06-25,0.796919439342438
2013-06-26,0.796919439342438
2013-06-27,0.796919439342438
2013-06-28,0.796919439342438
2013-07-01,0.796919439342438
2013-07-02,0.796919439342438
2013-07-03,0.796919439342438
2013-07-05,0.796919439342438
2013-07-08,0.7969194393424379
2013-07-09,0.8060896079792661
2013-07-10,0.8346641658323231
2013-07-11,0.8246589285782417
2013-07-12,0.8457318875687605
2013-07-15,0.8184600754175548
2013-07-16,0.8184600754175548
2013-07-17,0.8184600754175548
2013-07-18,0.8397958833472936
2013-07-19,0.8633099018562862
2013-07-22,0.8677469359718455
2013-07-23,0.8561635458308182
2013-07-24,0.8793037971709611
2013-07-25,0.8815364122838564
2013-07-26,0.8701078408552849
2013-07-29,0.887350909337699
2013-07-30,0.9101766437111942
2013-07-31,0.9423801100842062
2013-08-01,0.9684702386705908
2013-08-02,0.9798500391193887
2013-08-05,0.9503141400172754
2013-08-06,0.9376329805969855
2013-08-07,0.9529540815144167
2013-08-08,0.9400327478196484
2013-08-09,0.9441521913978046
2013-08-12,0.9556390357232001
2013-08-13,0.94419247379633
2013-08-14,0.893408374598664
2013-08-15,0.893408374598664
2013-08-16,0.893408374598664
2013-08-19,0.893408374598664
2013-08-20,0.893408374598664
2013-08-21,0.893408374598664
2013-08-22,0.893408374598664
2013-08-23,0.893408374598664
2013-08-26,0.893408374598664
2013-08-27,0.893408374598664
2013-08-28,0.893408374598664
2013-08-29,0.893408374598664
2013-08-30,0.893408374598664
2013-09-03,0.893408374598664
2013-09-04,0.893408374598664
2013-09-05,0.893408374598664
2013-09-06,0.893408374598664
2013-09-09,0.893408374598664
2013-09-10,0.893408374598664
2013-09-11,0.893408374598664
2013-09-12,0.893408374598664
2013-09-13,0.893408374598664
2013-09-16,0.893408374598664
2013-09-17,0.893408374598664
2013-09-18,0.893408374598664
2013-09-19,0.893408374598664
2013-09-20,0.8834243845826182
2013-09-23,0.8834243845826182
2013-09-24,0.8834243845826182
2013-09-25,0.8834243845826182
2013-09-26,0.8834243845826182
2013-09-27,0.8834243845826182
2013-09-30,0.8834243845826182
2013-10-01,0.8834243845826182
2013-10-02,0.8834243845826182
2013-10-03,0.8834243845826182
2013-10-04,0.8834243845826182
2013-10-07,0.8834243845826182
2013-10-08,0.8834243845826182
2013-10-09,0.8834243845826182
2013-10-10,0.8834243845826182
2013-10-11,0.8834243845826182
2013-10-14,0.8834243845826182
2013-10-15,0.8834243845826182
2013-10-16,0.8834243845826182
2013-10-17,0.8834243845826182
2013-10-18,0.8780889520627196
2013-10-21,0.8780889520627196
2013-10-22,0.8780889520627196
2013-10-23,0.8919272909667083
2013-10-24,0.8959521400348681
2013-10-25,0.8884575866579618
2013-10-28,0.8972379888003801
2013-10-29,0.8841820222236545
2013-10-30,0.8894734588582782
2013-10-31,0.8956144188070796
2013-11-01,0.9204639776230337
2013-11-04,0.9240372292820433
2013-11-05,0.9394661882511854
2013-11-06,0.9044853567267239
2013-11-07,0.9448002988606434
2013-11-08,0.9495404236007681
2013-11-11,0.9516096174428472
2013-11-12,0.9550786518857315
2013-11-13,0.966766922910121
2013-11-14,0.980028626164154
2013-11-15,0.978583307391069
2013-11-18,0.9665215511993674
2013-11-19,0.9865443413670378
2013-11-20,1.020936329876454
2013-11-21,1.034590483586115
2013-11-22,1.0304809551776204
2013-11-25,1.0248260262459374
2013-11-26,1.0242881227556855
2013-11-27,1.0122927367347823
2013-11-29,1.0047434490874723
2013-12-02,0.9787867669683794
2013-12-03,0.9896554248864216
2013-12-04,0.9819300343886391
2013-12-05,0.9819300343886391
2013-12-06,0.9819300343886391
2013-12-09,0.9770027882572974
2013-12-10,0.9300395387408564
2013-12-11,0.9300395387408564
2013-12-12,0.9300395387408564
2013-12-13,0.9300395387408564
2013-12-16,0.9300395387408564
2013-12-17,0.9300395387408564
2013-12-18,0.9300395387408564
2013-12-19,0.9248095127519323
2013-12-20,0.9610705622729175
2013-12-23,0.9803199840441629
2013-12-24,0.9978882147739775
2013-12-26,0.98328494840168
2013-12-27,0.9678082652223348
2013-12-30,0.9684015026537451
2013-12-31,0.9483184441116688
2014-01-02,0.9513434914693046
2014-01-03,0.9573375954577552
2014-01-06,0.9691420102766997
2014-01-07,0.9682901139804034
2014-01-08,0.9669556438168803
2014-01-09,0.9789076877032414
2014-01-10,0.944221133020247
2014-01-13,0.944221133020247
2014-01-14,0.944221133020247
2014-01-15,0.941622912559022
2014-01-16,0.9407664589194196
2014-01-17,0.9464095177613228
2014-01-21,0.9541163049249208
2014-01-22,0.9404418420032472
2014-01-23,0.9404418420032472
2014-01-24,0.9404418420032472
2014-01-27,0.9404418420032472
2014-01-28,0.9404418420032472
2014-01-29,0.9404418420032472
2014-01-30,0.9404418420032472
2014-01-31,0.9404418420032472
2014-02-03,0.9404418420032472
2014-02-04,0.9404418420032472
2014-02-05,0.9404418420032472
2014-02-06,0.9404418420032472
2014-02-07,0.9404418420032472
2014-02-10,0.9404418420032472
2014-02-11,0.9404418420032472
2014-02-12,0.9404418420032472
2014-02-13,0.9404418420032472
2014-02-14,0.9404418420032472
2014-02-18,0.9404418420032472
2014-02-19,0.9404418420032472
2014-02-20,0.9404418420032472
2014-02-21,0.9404418420032472
2014-02-24,0.9404418420032472
2014-02-25,0.9404418420032472
2014-02-26,0.9404418420032472
2014-02-27,0.9404418420032472
2014-02-28,0.9404418420032472
2014-03-03,0.9404418420032472
2014-03-04,0.9404418420032472
2014-03-05,0.9404418420032472
2014-03-06,0.9404418420032472
2014-03-07,0.9404418420032472
2014-03-10,0.9404418420032472
2014-03-11,0.9404418420032472
2014-03-12,0.9404418420032472
2014-03-13,0.9404418420032472
2014-03-14,0.9404418420032472
2014-03-17,0.9404418420032472
2014-03-18,0.9404418420032472
2014-03-19,0.9404418420032472
2014-03-20,0.9404418420032472
2014-03-21,0.9404418420032472
2014-03-24,0.9404418420032472
2014-03-25,0.9404418420032472
2014-03-26,0.9404418420032472
2014-03-27,0.9404418420032472
2014-03-28,0.9404418420032472
2014-03-31,0.9743291734898589
2014-04-01,0.9673055743014712
2014-04-02,0.9687202552638946
2014-04-03,0.9475304891361281
2014-04-04,0.9254009188987964
2014-04-07,0.9254009188987964
2014-04-08,0.9254009188987964
2014-04-09,0.9254009188987964
2014-04-10,0.9254009188987964
2014-04-11,0.9254009188987964
2014-04-14,0.9254009188987964
2014-04-15,0.9254009188987964
2014-04-16,0.9254009188987964
2014-04-17,0.9445975306362826
2014-04-21,0.9472882238936426
2014-04-22,0.9420790998144281
2014-04-23,0.9303367640480047
2014-04-24,0.9231113945160404
2014-04-25,0.9447836564706819
2014-04-28,0.9628301981216724
2014-04-29,0.9614307889660387
2014-04-30,0.9625207609034423
2014-05-01,0.9681204187040333
2014-05-02,0.9781745869931542
2014-05-05,0.9692924742141107
2014-05-06,0.9903060705981157
2014-05-07,0.9874307377553594
2014-05-08,1.009588849760216
2014-05-09,1.038393631610395
2014-05-12,1.0360844672288103
2014-05-13,1.041725983376402
2014-05-14,1.0297870586388347
2014-05-15,1.05409915576179
2014-05-16,1.0661798834479752
2014-05-19,1.0748865538594345
2014-05-20,1.0895043454613336
2014-05-21,1.0904648010310496
2014-05-22,1.0981413744471742
2014-05-23,1.1290214715528712
2014-05-27,1.1317926513568086
2014-05-28,1.1353458031808157
2014-05-29,1.1370504713763396
2014-05-30,1.1439885260955436
2014-06-02,1.1395684011756235
2014-06-03,1.1501455489798245
2014-06-04,1.185162967250919
2014-06-05,1.235225415442241
2014-06-06,1.2220284115188076
2014-06-09,1.2397392789886872
2014-06-10,1.2176011949858006
2014-06-11,1.1684486756358607
2014-06-12,1.1858920675380762
2014-06-13,1.1875188475842893
2014-06-16,1.2202525307427101
2014-06-17,1.2749343088853775
2014-06-18,1.2709196495598443
2014-06-19,1.256984374054495
2014-06-20,1.281511353159214
2014-06-23,1.2448036248579766
2014-06-24,1.2825551278165563
2014-06-25,1.270809227753742
2014-06-26,1.2792329061094456
2014-06-27,1.2893026623744646
2014-06-30,1.3146794166681885
2014-07-01,1.324623091180537
2014-07-02,1.3387352445942924
2014-07-03,1.3171602706320498
2014-07-07,1.3013940075332067
2014-07-08,1.3212215428676994
2014-07-09,1.3033173139573302
2014-07-10,1.315620823009586
2014-07-11,1.3288438705000203
2014-07-14,1.3194586092127434
2014-07-15,1.3320721311908468
2014-07-16,1.2840734698832308
2014-07-17,1.2840734698832308
2014-07-18,1.2840734698832308
2014-07-21,1.2840734698832308
2014-07-22,1.2840734698832308
2014-07-23,1.2840734698832308
2014-07-24,1.2690040595629053
2014-07-25,1.2690040595629053
2014-07-28,1.2690040595629053
2014-07-29,1.2690040595629053
2014-07-30,1.2690040595629053
2014-07-31,1.2690040595629053
2014-08-01,1.2690040595629053
2014-08-04,1.2690040595629053
2014-08-05,1.2690040595629053
2014-08-06,1.2690040595629053
2014-08-07,1.2690040595629053
2014-08-08,1.2690040595629053
2014-08-11,1.2690040595629053
2014-08-12,1.2690040595629053
2014-08-13,1.2690040595629053
2014-08-14,1.2691246190709242
2014-08-15,1.3080637891222404
2014-08-18,1.3168825637799337
2014-08-19,1.3092910755717782
2014-08-20,1.3068571626734493
2014-08-21,1.310923596971114
2014-08-22,1.3205278786097225
2014-08-25,1.3111295978074304
2014-08-26,1.3051132146071525
2014-08-27,1.2883514647182805
2014-08-28,1.2949809898365583
2014-08-29,1.2882774967940205
2014-09-02,1.2999989744165639
2014-09-03,1.2990627777665371
2014-09-04,1.3192292920120525
2014-09-05,1.318252358348725
2014-09-08,1.2908456781365332
2014-09-09,1.2908456781365332
2014-09-10,1.2908456781365332
2014-09-11,1.2799417034618936
2014-09-12,1.2799417034618936
2014-09-15,1.2799417034618936
2014-09-16,1.2799417034618936
2014-09-17,1.2799417034618936
2014-09-18,1.2796549618696638
2014-09-19,1.2449981108253674
2014-09-22,1.2079082163196586
2014-09-23,1.2079082163196586
2014-09-24,1.2079082163196586
2014-09-25,1.2079082163196586
2014-09-26,1.2079082163196586
2014-09-29,1.2079082163196586
2014-09-30,1.2079082163196586
2014-10-01,1.2079082163196586
2014-10-02,1.2079082163196586
2014-10-03,1.2079082163196586
2014-10-06,1.2079082163196586
2014-10-07,1.2079082163196586
2014-10-08,1.2079082163196586
2014-10-09,1.2079082163196586
2014-10-10,1.2079082163196586
2014-10-13,1.2079082163196586
2014-10-14,1.2079082163196586
2014-10-15,1.2079082163196586
2014-10-16,1.2079082163196586
2014-10-17,1.2079082163196586
2014-10-20,1.2079082163196586
2014-10-21,1.2079082163196586
2014-10-22,1.2079082163196586
2014-10-23,1.2079082163196586
2014-10-24,1.2079082163196586
2014-10-27,1.2079082163196586
2014-10-28,1.2079082163196586
2014-10-29,1.2031590324446455
2014-10-30,1.2031590324446455
2014-10-31,1.2031590324446455
2014-11-03,1.2031590324446455
2014-11-04,1.2031590324446455
2014-11-05,1.2031590324446455
2014-11-06,1.2175699681443048
2014-11-07,1.2548958713573464
2014-11-10,1.2562384867524798
2014-11-11,1.2433664034291245
2014-11-12,1.2311414648859282
2014-11-13,1.2281161349361298
2014-11-14,1.2294954176947506
2014-11-17,1.2482282281281611
2014-11-18,1.223214707306095
2014-11-19,1.2337541886540357
2014-11-20,1.2539270164247827
2014-11-21,1.2747772193222917
2014-11-24,1.282815168986279
2014-11-25,1.2985013912085013
2014-11-26,1.2714743885301485
2014-11-28,1.2288817948107678
2014-12-01,1.2288817948107678
2014-12-02,1.2288817948107678
2014-12-03,1.2275894711795368
2014-12-04,1.243893845307497
2014-12-05,1.2041688389413139
2014-12-08,1.2041688389413139
2014-12-09,1.2041688389413139
2014-12-10,1.2041688389413139
2014-12-11,1.2041688389413139
2014-12-12,1.2041688389413139
2014-12-15,1.2041688389413139
2014-12-16,1.2041688389413139
2014-12-17,1.2041688389413139
2014-12-18,1.2041688389413139
2014-12-19,1.2041688389413139
2014-12-22,1.2041688389413139
2014-12-23,1.2041688389413139
2014-12-24,1.2041688389413139
2014-12-26,1.2057812692663672
2014-12-29,1.2057812692663672
2014-12-30,1.2057812692663672
2014-12-31,1.2057812692663672
2015-01-02,1.2057812692663672
2015-01-05,1.2057812692663672
2015-01-06,1.2057812692663672
2015-01-07,1.2057812692663672
2015-01-08,1.2057812692663672
2015-01-09,1.2057812692663672
2015-01-12,1.2057812692663672
2015-01-13,1.2057812692663672
2015-01-14,1.2057812692663672
2015-01-15,1.2057812692663672
2015-01-16,1.2057812692663672
2015-01-20,1.2057812692663672
2015-01-21,1.2057812692663672
2015-01-22,1.2057812692663672
2015-01-23,1.2057812692663672
2015-01-26,1.2057812692663672
2015-01-27,1.2057812692663672
2015-01-28,1.2057812692663672
2015-01-29,1.2057812692663672
2015-01-30,1.2057812692663672
2015-02-02,1.2057812692663672
2015-02-03,1.2057812692663672
2015-02-04,1.2057812692663672
2015-02-05,1.2057812692663672
2015-02-06,1.2057812692663672
2015-02-09,1.2057812692663672
2015-02-10,1.2057812692663672
2015-02-11,1.2057812692663672
2015-02-12,1.2057812692663672
2015-02-13,1.2057812692663672
2015-02-17,1.2057812692663672
2015-02-18,1.2057812692663672
2015-02-19,1.2057812692663672
2015-02-20,1.200896866632554
2015-02-23,1.243436200485281
2015-02-24,1.2355893708508439
2015-02-25,1.2468199620804994
2015-02-26,1.2530768367872098
2015-02-27,1.2861873285294607
2015-03-02,1.2639183547106225
2015-03-03,1.2663805890927564
2015-03-04,1.2785083139929714
2015-03-05,1.233763888086707
2015-03-06,1.233763888086707
2015-03-09,1.233763888086707
2015-03-10,1.233763888086707
2015-03-11,1.233763888086707
2015-03-12,1.233763888086707
2015-03-13,1.233763888086707
2015-03-16,1.233763888086707
2015-03-17,1.233763888086707
2015-03-18,1.233763888086707
2015-03-19,1.2505153687926598
2015-03-20,1.26846170489467
2015-03-23,1.2725080635100665
2015-03-24,1.227602999889172
2015-03-25,1.235740462215875
2015-03-26,1.2481470687209093
2015-03-27,1.2778236356970456
2015-03-30,1.2534474090157661
2015-03-31,1.2531534054884292
2015-04-01,1.2740297078040015
2015-04-02,1.2963510781288465
2015-04-06,1.2981823783635642
2015-04-07,1.3167425578191274
2015-04-08,1.3501494867697919
2015-04-09,1.396636208650636
2015-04-10,1.3656176724740452
2015-04-13,1.3766833549366626
2015-04-14,1.3988331399529492
2015-04-15,1.418718494695351
2015-04-16,1.3834729012756686
2015-04-17,1.418321922266755
2015-04-20,1.4174456077731066
2015-04-21,1.4290982831684875
2015-04-22,1.4386351176876064
2015-04-23,1.448449815029903
2015-04-24,1.4194132452562043
2015-04-27,1.45382265552671
2015-04-28,1.4263641330286208
2015-04-29,1.3987521685413562
2015-04-30,1.4471021301683706
2015-05-01,1.4460040579380145
2015-05-04,1.4115592316144485
2015-05-05,1.394860940239283
2015-05-06,1.4027085147743363
2015-05-07,1.4551721375705389
2015-05-08,1.4415275037976034
2015-05-11,1.4458916935414534
2015-05-12,1.4635204698230784
2015-05-13,1.4737071110287232
2015-05-14,1.4776924017239073
2015-05-15,1.5115002055764433
2015-05-18,1.5245810773359183
2015-05-19,1.5218628079962424
2015-05-20,1.5496878606788067
2015-05-21,1.5476989104025636
2015-05-22,1.508837063635513
2015-05-26,1.546160022679931
2015-05-27,1.5366097510330803
2015-05-28,1.5288734354760964
2015-05-29,1.5390429496003903
2015-06-01,1.5238303996051454
2015-06-02,1.5404137708000567
2015-06-03,1.5061120948224032
2015-06-04,1.522194473626059
2015-06-05,1.5117754232958382
2015-06-08,1.5177589686152506
2015-06-09,1.539148720075242
2015-06-10,1.5497876250674343
2015-06-11,1.5435823283063361
2015-06-12,1.5211147589796385
2015-06-15,1.5211147589796385
2015-06-16,1.5211147589796385
2015-06-17,1.5356115458486235
2015-06-18,1.5299287982624166
2015-06-19,1.552123892900136
2015-06-22,1.5657489171795298
2015-06-23,1.5457283221080842
2015-06-24,1.5368231567270403
2015-06-25,1.5396244252852067
2015-06-26,1.4569279812289913
2015-06-29,1.4569279812289913
2015-06-30,1.4569279812289913
2015-07-01,1.4569279812289913
2015-07-02,1.4569279812289913
2015-07-06,1.4569279812289913
2015-07-07,1.4569279812289913
2015-07-08,1.4569279812289913
2015-07-09,1.4569279812289913
2015-07-10,1.4569279812289913
2015-07-13,1.4569279812289913
2015-07-14,1.4569279812289913
2015-07-15,1.4569279812289913
2015-07-16,1.4569279812289913
2015-07-17,1.46057916242205
2015-07-20,1.4681759738921978
2015-07-21,1.4704059728776497
2015-07-22,1.4589883383954578
2015-07-23,1.423804936303348
2015-07-24,1.3719317164379792
2015-07-27,1.3719317164379792
2015-07-28,1.3719317164379792
2015-07-29,1.3757935485799695
2015-07-30,1.3766450921002686
2015-07-31,1.3927055267337694
2015-08-03,1.3868435356134512
2015-08-04,1.3960042598598297
2015-08-05,1.359380781703591
2015-08-06,1.3696699182726553
2015-08-07,1.3883234564084517
2015-08-10,1.364907312438761
2015-08-11,1.364907312438761
2015-08-12,1.364907312438761
2015-08-13,1.364907312438761
2015-08-14,1.364907312438761
2015-08-17,1.3530916989774253
2015-08-18,1.3335550059158967
2015-08-19,1.3335550059158967
2015-08-20,1.3335550059158967
2015-08-21,1.3335550059158967
2015-08-24,1.3335550059158967
2015-08-25,1.3335550059158967
2015-08-26,1.3335550059158967
2015-08-27,1.3335550059158967
2015-08-28,1.3335550059158967
2015-08-31,1.3335550059158967
2015-09-01,1.3335550059158967
2015-09-02,1.3335550059158967
2015-09-03,1.3335550059158967
2015-09-04,1.3335550059158967
2015-09-08,1.3335550059158967
2015-09-09,1.3335550059158967
2015-09-10,1.3335550059158967
2015-09-11,1.3335550059158967
2015-09-14,1.3335550059158967
2015-09-15,1.3335550059158967
2015-09-16,1.3335550059158967
2015-09-17,1.3335550059158967
2015-09-18,1.3335550059158967
2015-09-21,1.3335550059158967
2015-09-22,1.3335550059158967
2015-09-23,1.3335550059158967
2015-09-24,1.3335550059158967
2015-09-25,1.3335550059158967
2015-09-28,1.3335550059158967
2015-09-29,1.3335550059158967
2015-09-30,1.3335550059158967
2015-10-01,1.3335550059158967
2015-10-02,1.3335550059158967
2015-10-05,1.3335550059158967
2015-10-06,1.3335550059158967
2015-10-07,1.3335550059158967
2015-10-08,1.3335550059158967
2015-10-09,1.3335550059158967
2015-10-12,1.3335550059158967
2015-10-13,1.3335550059158967
2015-10-14,1.3335550059158967
2015-10-15,1.3335550059158967
2015-10-16,1.3335550059158967
2015-10-19,1.2943302307220983
2015-10-20,1.2263940702552967
2015-10-21,1.3093234706337387
2015-10-22,1.296054118115753
2015-10-23,1.26413574585128
2015-10-26,1.2837173023366357
2015-10-27,1.31326431578204
2015-10-28,1.299552549637645
2015-10-29,1.2832253268765716
2015-10-30,1.3346633236370644
2015-11-02,1.3152822983166519
2015-11-03,1.2826077057975123
2015-11-04,1.3025451590826485
2015-11-05,1.3233851584093042
2015-11-06,1.2687879735826804
2015-11-09,1.2687879735826804
2015-11-10,1.2687879735826804
2015-11-11,1.1814255527757447
2015-11-12,1.1814255527757447
2015-11-13,1.1814255527757447
2015-11-16,1.1814255527757447
2015-11-17,1.1814255527757447
2015-11-18,1.1814255527757447
2015-11-19,1.1814255527757447
2015-11-20,1.1814255527757447
2015-11-23,1.176267368456625
2015-11-24,1.1897481842188096
2015-11-25,1.1801984229636937
2015-11-27,1.186052348381947
2015-11-30,1.228503633642176
2015-12-01,1.1890947351005963
2015-12-02,1.1155904615963228
2015-12-03,1.1155904615963228
2015-12-04,1.1155904615963226
2015-12-07,1.0861481003023274
2015-12-08,1.0861481003023274
2015-12-09,1.0861481003023274
2015-12-10,1.0861481003023274
2015-12-11,1.0861481003023274
2015-12-14,1.0861481003023274
2015-12-15,1.0861481003023274
2015-12-16,1.0861481003023274
2015-12-17,1.0861481003023274
2015-12-18,1.0861481003023274
2015-12-21,1.0861481003023274
2015-12-22,1.0861481003023274
2015-12-23,1.076964215022414
2015-12-24,1.0877667227384633
2015-12-28,1.0877667227384633
2015-12-29,1.0877667227384633
2015-12-30,1.0877667227384633
2015-12-31,1.0877667227384633
2016-01-04,1.0877667227384633
2016-01-05,1.0877667227384633
2016-01-06,1.0877667227384633
2016-01-07,1.0877667227384633
2016-01-08,1.0877667227384633
2016-01-11,1.0877667227384633
2016-01-12,1.0877667227384633
2016-01-13,1.0877667227384633
2016-01-14,1.0877667227384633
2016-01-15,1.0877667227384633
2016-01-19,1.0877667227384633
2016-01-20,1.0877667227384633
2016-01-21,1.0877667227384633
2016-01-22,1.0877667227384633
2016-01-25,1.0877667227384633
2016-01-26,1.0877667227384633
2016-01-27,1.0877667227384633
2016-01-28,1.0877667227384633
2016-01-29,1.0877667227384633
2016-02-01,1.0877667227384633
2016-02-02,1.0877667227384633
2016-02-03,1.0877667227384633
2016-02-04,1.0877667227384633
2016-02-05,1.0877667227384633
2016-02-08,1.0877667227384633
2016-02-09,1.0877667227384633
2016-02-10,1.0877667227384633
2016-02-11,1.0877667227384633
2016-02-12,1.0877667227384633
2016-02-16,1.0877667227384633
2016-02-17,1.0900265531192639
2016-02-18,1.1168022013718006
2016-02-19,1.1736235024972468
2016-02-22,1.1234936323673765
2016-02-23,1.1292359894907018
2016-02-24,1.164037622704494
2016-02-25,1.149323960839736
2016-02-26,1.132790680839736
2016-02-29,1.219829667442828
2016-03-01,1.2365420146615855
2016-03-02,1.2684361281009435
2016-03-03,1.2563105461763395
2016-03-04,1.2529411117599736
2016-03-07,1.213820126490715
2016-03-08,1.227642694975259
2016-03-09,1.2449951986936525
2016-03-10,1.2964085027872199
2016-03-11,1.3121674823580667
2016-03-14,1.2980218749725139
2016-03-15,1.3343560105892691
2016-03-16,1.3636101878672584
2016-03-17,1.3714209928141015
2016-03-18,1.3994080756989238
2016-03-21,1.4123923270078242
2016-03-22,1.3644287525623593
2016-03-23,1.369640478946724
2016-03-24,1.3836823454405671
2016-03-28,1.4416287049610768
2016-03-29,1.4661958012156078
2016-03-30,1.4593167920520467
2016-03-31,1.48840846151936
2016-04-01,1.460716192288591
2016-04-04,1.402962990459208
2016-04-05,1.4692938049008537
2016-04-06,1.376380458444161
2016-04-07,1.4032901360956507
2016-04-08,1.3882859095529625
2016-04-11,1.4211114834641403
2016-04-12,1.4715892566257522
2016-04-13,1.47495097305842
2016-04-14,1.4881555054508309
2016-04-15,1.5507892732002961
2016-04-18,1.5420028924126843
2016-04-19,1.5366473616778933
2016-04-20,1.5180807073889961
2016-04-21,1.5430523305445012
2016-04-22,1.5293941171816368
2016-04-25,1.5518492452675323
2016-04-26,1.580765826526683
2016-04-27,1.5215342028778616
2016-04-28,1.4882576288563074
2016-04-29,1.550256413835819
2016-05-02,1.5044000970770715
2016-05-03,1.4916612440656394
2016-05-04,1.4934207747886294
2016-05-05,1.5386979002657126
2016-05-06,1.5611026044328258
2016-05-09,1.610408705576219
2016-05-10,1.573861542332223
2016-05-11,1.5854222359738415
2016-05-12,1.548457950259556
2016-05-13,1.595185189273092
2016-05-16,1.5514296534006382
2016-05-17,1.555690490747804
2016-05-18,1.5514477311093606
2016-05-19,1.5862754450774972
2016-05-20,1.592899147189921
2016-05-23,1.6323798514403212
2016-05-24,1.6513704759056762
2016-05-25,1.6616121814046114
2016-05-26,1.6898654647103546
2016-05-27,1.690673610849296
2016-05-31,1.69745658910456
2016-06-01,1.7252076317737932
2016-06-02,1.7300460584945676
2016-06-03,1.7426276680808246
2016-06-06,1.7420140770580783
2016-06-07,1.7354139237687507
2016-06-08,1.7164089799802755
2016-06-09,1.6260010130692018
2016-06-10,1.4756979827661714
2016-06-13,1.4756979827661714
2016-06-14,1.4756979827661714
2016-06-15,1.4756979827661714
2016-06-16,1.4756979827661714
2016-06-17,1.4756979827661714
2016-06-20,1.4756979827661714
2016-06-21,1.4756979827661714
2016-06-22,1.4756979827661714
2016-06-23,1.4756979827661714
2016-06-24,1.4756979827661714
2016-06-27,1.4756979827661714
2016-06-28,1.4756979827661714
2016-06-29,1.4756979827661714
2016-06-30,1.491494945024754
2016-07-01,1.4816625182129237
2016-07-05,1.5090652976849053
2016-07-06,1.5171060896817363
2016-07-07,1.582730445380468
2016-07-08,1.5825493187729696
2016-07-11,1.6057377245700708
2016-07-12,1.6222037302357932
2016-07-13,1.622900472963541
2016-07-14,1.6277742762707645
2016-07-15,1.6449231070346655
2016-07-18,1.6457745715833214
2016-07-19,1.6747009285681775
2016-07-20,1.6459262974709268
2016-07-21,1.668742575352759
2016-07-22,1.6749020226642288
2016-07-25,1.6846637701745448
2016-07-26,1.7067841051612838
2016-07-27,1.7250591606830838
2016-07-28,1.7596939528745197
2016-07-29,1.7759751148866572
2016-08-01,1.738394608822875
2016-08-02,1.764063589086378
2016-08-03,1.7913653333606083
2016-08-04,1.8256189855529217
2016-08-05,1.84774595074196
2016-08-08,1.8639471243788643
2016-08-09,1.8400328039806872
2016-08-10,1.8453834942285439
2016-08-11,1.855327443529834
2016-08-12,1.8709979191920167
2016-08-15,1.836863565447223
2016-08-16,1.8623088870600395
2016-08-17,1.8799543240603152
2016-08-18,1.8748066946915807
2016-08-19,1.8716748592648875
2016-08-22,1.8744067811334848
2016-08-23,1.8516577563547911
2016-08-24,1.8506820105790522
2016-08-25,1.8476123579190928
2016-08-26,1.8681862149141302
2016-08-29,1.8758659463370522
2016-08-30,1.8694696211544894
2016-08-31,1.875085235300069
2016-09-01,1.9115875517397944
2016-09-02,1.9377373290367663
2016-09-06,1.9504150861210412
2016-09-07,1.9468743932414432
2016-09-08,1.786595137418055
2016-09-09,1.786595137418055
2016-09-12,1.786595137418055
2016-09-13,1.786595137418055
2016-09-14,1.786595137418055
2016-09-15,1.786595137418055
2016-09-16,1.786595137418055
2016-09-19,1.786595137418055
2016-09-20,1.786595137418055
2016-09-21,1.786595137418055
2016-09-22,1.7822490554617545
2016-09-23,1.7289643110051311
2016-09-26,1.7289643110051311
2016-09-27,1.7289643110051311
2016-09-28,1.6975135222324007
2016-09-29,1.7195530693104653
2016-09-30,1.7216486279923342
2016-10-03,1.7229978320040613
2016-10-04,1.7229978320040613
2016-10-05,1.7229978320040613
2016-10-06,1.7223308095921084
2016-10-07,1.7328768114610178
2016-10-10,1.704739414210521
2016-10-11,1.704739414210521
2016-10-12,1.704739414210521
2016-10-13,1.704739414210521
2016-10-14,1.704739414210521
2016-10-17,1.704739414210521
2016-10-18,1.704739414210521
2016-10-19,1.704739414210521
2016-10-20,1.7153860237129843
2016-10-21,1.7506891958797788
2016-10-24,1.739940468692942
2016-10-25,1.7153369717527647
2016-10-26,1.6980514655482701
2016-10-27,1.6980514655482701
2016-10-28,1.6980514655482701
2016-10-31,1.6980514655482701
2016-11-01,1.6980514655482701
2016-11-02,1.6980514655482701
2016-11-03,1.6980514655482701
2016-11-04,1.6980514655482701
2016-11-07,1.6980514655482701
2016-11-08,1.6980514655482701
2016-11-09,1.6980514655482701
2016-11-10,1.6980514655482701
2016-11-11,1.6980514655482701
2016-11-14,1.7407696558027865
2016-11-15,1.7344668701303496
2016-11-16,1.7632629622578113
2016-11-17,1.7677019512698702
2016-11-18,1.8132457519082203
2016-11-21,1.8078448124835182
2016-11-22,1.805483839753026
2016-11-23,1.8123468617181657
2016-11-25,1.8032976663227398
2016-11-28,1.8101762479166679
2016-11-29,1.8074671313727129
2016-11-30,1.7700276832224957
2016-12-01,1.7710093028543976
2016-12-02,1.83524070603578
2016-12-05,1.8673761586964575
2016-12-06,1.864921075558415
2016-12-07,1.862012450432562
2016-12-08,1.8730076487046408
2016-12-09,1.8651284122159049
2016-12-12,1.8565153922743618
2016-12-13,1.8583206726942034
2016-12-14,1.8728493583570034
2016-12-15,1.8848387230996906
2016-12-16,1.9208193928679806
2016-12-19,1.9401967113902736
2016-12-20,1.9560895966460288
2016-12-21,1.9382981249810582
2016-12-22,1.9437114500989705
2016-12-23,1.9565505262464322
2016-12-27,1.9219972856003475
2016-12-28,1.905796544732087
2016-12-29,1.8850237547535182
2016-12-30,1.9561381943615885
2017-01-03,2.008267514100093
2017-01-04,2.0114861038439455
2017-01-05,2.0249996173574587
2017-01-06,2.0270140058466675
2017-01-09,2.0336194241886165
2017-01-10,2.055397835567059
2017-01-11,2.055863174352142
2017-01-12,2.053165230307153
2017-01-13,2.0559637751876956
2017-01-17,2.0606149379783933
2017-01-18,2.0492260120524675
2017-01-19,2.0883755873694883
2017-01-20,2.096487367743054
2017-01-23,2.142888816941113
2017-01-24,2.16766668775451
2017-01-25,2.1624974198733904
2017-01-26,2.174398174147611
2017-01-27,2.145990023933794
2017-01-30,2.150593212146277
2017-01-31,2.168073110618571
2017-02-01,2.1599002812689863
2017-02-02,2.180332468269743
2017-02-03,2.1808680566019776
2017-02-06,2.172966171543094
2017-02-07,2.1758700129585735
2017-02-08,2.1863763003594054
2017-02-09,2.194481106059034
2017-02-10,2.2261397498922295
2017-02-13,2.2691946016524476
2017-02-14,2.2324374805135285
2017-02-15,2.2272059678121434
2017-02-16,2.2262392238358633
2017-02-17,2.220162196735481
2017-02-21,2.218059221491396
2017-02-22,2.218059221491396
2017-02-23,2.218059221491396
2017-02-24,2.218059221491396
2017-02-27,2.218059221491396
2017-02-28,2.218059221491396
2017-03-01,2.218059221491396
2017-03-02,2.218059221491396
2017-03-03,2.218059221491396
2017-03-06,2.2176400112203662
2017-03-07,2.2139793515444843
2017-03-08,2.2139793515444843
2017-03-09,2.2139793515444843
2017-03-10,2.2139793515444843
2017-03-13,2.2139793515444843
2017-03-14,2.2139793515444843
2017-03-15,2.2139793515444843
2017-03-16,2.220067332090084
2017-03-17,2.2197134979083533
2017-03-20,2.2005269784390595
2017-03-21,2.2005269784390595
2017-03-22,2.2005269784390595
2017-03-23,2.2005269784390595
2017-03-24,2.2005269784390595
2017-03-27,2.2005269784390595
2017-03-28,2.2005269784390595
2017-03-29,2.2005269784390595
2017-03-30,2.2005269784390595
2017-03-31,2.2005269784390595
2017-04-03,2.2005269784390595
2017-04-04,2.2005269784390595
2017-04-05,2.2005269784390595
2017-04-06,2.2005269784390595
2017-04-07,2.2005269784390595
2017-04-10,2.2005269784390595
2017-04-11,2.2005269784390595
2017-04-12,2.2005269784390595
2017-04-13,2.2005269784390595
2017-04-17,2.2005269784390595
2017-04-18,2.2005269784390595
2017-04-19,2.2005269784390595
2017-04-20,2.2005269784390595
2017-04-21,2.2005269784390595
2017-04-24,2.2005269784390595
2017-04-25,2.1895720659407822
2017-04-26,2.2003697110596216
2017-04-27,2.2000251073523
2017-04-28,2.2395975985050756
2017-05-01,2.2355522239824133
2017-05-02,2.2153099003578385
2017-05-03,2.2412035798467604
2017-05-04,2.2353739142401445
2017-05-05,2.2620281408461698
2017-05-08,2.2637805130534847
2017-05-09,2.2600225629755286
2017-05-10,2.262558983469926
2017-05-11,2.2645051528612785
2017-05-12,2.2846411326640883
2017-05-15,2.294478667696299
2017-05-16,2.1118377526061094
2017-05-17,2.1118377526061094
2017-05-18,2.1118377526061094
2017-05-19,2.1118377526061094
2017-05-22,2.1126454666719106
2017-05-23,2.139683428847749
2017-05-24,2.127830147594225
2017-05-25,2.1450612828583253
2017-05-26,2.152553588253114
2017-05-30,2.144211671543337
2017-05-31,2.1679482209895755
2017-06-01,2.165782401593403
2017-06-02,2.160675551732943
2017-06-05,2.1389880068508464
2017-06-06,2.149350714132768
2017-06-07,2.1731092464597133
2017-06-08,2.157891391481
2017-06-09,2.1470743544477497
2017-06-12,2.181637902333877
2017-06-13,2.184720763752238
2017-06-14,2.173367843405858
2017-06-15,2.1843436716250135
2017-06-16,2.213399145899674
2017-06-19,2.1877862778520374
2017-06-20,2.1960476873934245
2017-06-21,2.207034589529232
2017-06-22,2.216612756400434
2017-06-23,2.238689057419776
2017-06-26,2.203225579668217
2017-06-27,2.203225579668217
2017-06-28,2.203225579668217
2017-06-29,2.203225579668217
2017-06-30,2.203225579668217
2017-07-03,2.203225579668217
2017-07-05,2.203225579668217
2017-07-06,2.203225579668217
2017-07-07,2.203225579668217
2017-07-10,2.203225579668217
2017-07-11,2.203225579668217
2017-07-12,2.203225579668217
2017-07-13,2.203225579668217
2017-07-14,2.203225579668217
2017-07-17,2.210047426643431
2017-07-18,2.2155703610645743
2017-07-19,2.220383532127011
2017-07-20,2.2284739230804504
2017-07-21,2.2456242970596763
2017-07-24,2.2433004697037373
2017-07-25,2.2433004697037373
2017-07-26,2.2433004697037373
2017-07-27,2.2433004697037373
2017-07-28,2.2433004697037373
2017-07-31,2.2433004697037373
2017-08-01,2.2433004697037373
2017-08-02,2.2433004697037373
2017-08-03,2.2433004697037373
2017-08-04,2.2433004697037373
2017-08-07,2.2433004697037373
2017-08-08,2.2433004697037373
2017-08-09,2.2433004697037373
2017-08-10,2.2433004697037373
