Date,xiv,vxx,ratio,ma_60,ma_150
2010-11-30,9.557,3154.560059,,,
2010-12-01,9.787,3004.800049,,,
2010-12-02,10.429,2771.840088,,,
2010-12-03,11.041,2643.199951,,,
2010-12-06,11.252,2595.199951,,,
2010-12-07,11.358,2569.600098,,,
2010-12-08,11.555,2499.199951,,,
2010-12-09,11.816,2466.560059,,,
2010-12-10,11.917,2440.320068,,,
2010-12-13,11.748,2476.159912,,,
2010-12-14,11.669,2489.600098,,,
2010-12-15,11.415,2546.560059,,,
2010-12-16,11.568,2496.639893,,,
2010-12-17,11.822,2452.47998,,,
2010-12-20,12.135,2398.080078,,,
2010-12-21,12.334,2356.47998,,,
2010-12-22,12.366,2343.679932,,,
2010-12-23,11.969,2419.199951,,,
2010-12-27,11.65,2461.439941,,,
2010-12-28,11.537,2491.52002,,,
2010-12-29,11.78,2457.600098,,,
2010-12-30,11.847,2426.879883,,,
2010-12-31,11.954,2407.040039,,,
2011-01-03,12.38,2335.360107,,,
2011-01-04,12.135,2325.120117,,,
2011-01-05,12.599,2293.120117,,,
2011-01-06,12.526,2299.52002,,,
2011-01-07,12.508,2307.199951,,,
2011-01-10,12.546,2304.0,,,
2011-01-11,12.916,2236.159912,,,
2011-01-12,13.492,2139.52002,,,
2011-01-13,13.61,2111.360107,,,
2011-01-14,14.209,2020.47998,,,
2011-01-18,14.657,1955.839966,,,
2011-01-19,13.802,2059.52002,,,
2011-01-20,13.963,2038.400024,,,
2011-01-21,13.835,2062.719971,,,
2011-01-24,14.131,2021.119995,,,
2011-01-25,14.2,1996.160034,,,
2011-01-26,14.736,1935.359985,,,
2011-01-27,15.054,1895.040039,,,
2011-01-28,13.75,2054.399902,,,
2011-01-31,13.765,2049.919922,,,
2011-02-01,14.457,1950.719971,,,
2011-02-02,14.472,1941.76001,,,
2011-02-03,14.677,1916.800049,,,
2011-02-04,15.006,1869.439941,,,
2011-02-07,15.235,1841.280029,,,
2011-02-08,15.502,1818.880005,,,
2011-02-09,15.371,1824.640015,,,
2011-02-10,15.38,1824.640015,,,
2011-02-11,15.666,1793.280029,,,
2011-02-14,15.8,1774.719971,,,
2011-02-15,15.603,1799.040039,,,
2011-02-16,15.392,1821.439941,,,
2011-02-17,15.218,1842.560059,,,
2011-02-18,15.085,1857.920044,,,
2011-02-22,13.249,2083.199951,,,
2011-02-23,12.623,2176.639893,,,
2011-02-24,12.731,2155.52002,,,
2011-02-25,13.554,2016.640015,,,
2011-02-28,14.098,1931.52002,,,
2011-03-01,13.059,2076.800049,,,
2011-03-02,13.02,2081.919922,,,
2011-03-03,13.644,1976.319946,,,
2011-03-04,13.317,2026.23999,,,
2011-03-07,12.948,2079.360107,,,
2011-03-08,13.219,2035.839966,,,
2011-03-09,13.043,2064.0,,,
2011-03-10,12.382,2170.879883,,,
2011-03-11,12.706,2112.639893,,,
2011-03-14,12.582,2133.120117,,,
2011-03-15,12.031,2223.360107,,,
2011-03-16,11.044,2408.320068,,,
2011-03-17,11.451,2334.719971,,,
2011-03-18,11.74,2263.040039,,,
2011-03-21,12.66,2090.879883,,,
2011-03-22,12.722,2080.0,,,
2011-03-23,13.195,2000.640015,,,
2011-03-24,13.541,1946.23999,,,
2011-03-25,13.56,1943.680054,,,
2011-03-28,13.389,1969.280029,,,
2011-03-29,13.7,1919.359985,,,
2011-03-30,13.958,1884.800049,,,
2011-03-31,13.987,1879.680054,,,
2011-04-01,14.116,1861.76001,,,
2011-04-04,14.254,1843.199951,,,
2011-04-05,14.49,1810.560059,,,
2011-04-06,14.557,1803.52002,,,
2011-04-07,14.44,1816.319946,,,
2011-04-08,14.173,1850.880005,,,
2011-04-11,14.32,1833.599976,,,
2011-04-12,14.198,1850.880005,,,
2011-04-13,14.417,1819.52002,,,
2011-04-14,14.541,1804.160034,,,
2011-04-15,14.871,1763.199951,,,
2011-04-18,14.512,1800.319946,,,
2011-04-19,15.253,1713.280029,,,
2011-04-20,15.874,1641.599976,,,
2011-04-21,16.337,1592.319946,,,
2011-04-25,16.719,1555.839966,,,
2011-04-26,17.09,1521.920044,,,
2011-04-27,17.302999,1499.52002,,,
2011-04-28,17.544001,1481.599976,,,
2011-04-29,17.492001,1482.23999,,,
2011-05-02,16.985001,1528.319946,,,
2011-05-03,16.625,1559.680054,,,
2011-05-04,16.419001,1577.599976,,,
2011-05-05,15.954,1622.400024,,,
2011-05-06,16.325001,1589.76001,,,
2011-05-09,16.820999,1535.359985,,,
2011-05-10,17.422001,1482.23999,,,
2011-05-11,17.1,1507.839966,,,
2011-05-12,17.264,1493.119995,,,
2011-05-13,17.034,1512.319946,,,
2011-05-16,16.697001,1546.880005,,,
2011-05-17,17.0,1516.160034,,,
2011-05-18,17.441,1475.199951,,,
2011-05-19,17.809999,1442.560059,,,
2011-05-20,17.618,1456.640015,,,
2011-05-23,17.016001,1504.640015,,,
2011-05-24,17.073999,1502.079956,,,
2011-05-25,17.57,1459.199951,,,
2011-05-26,17.934,1426.560059,,,
2011-05-27,18.278999,1404.160034,,,
2011-05-31,18.815001,1362.560059,,,
2011-06-01,17.546,1448.319946,,,
2011-06-02,17.777,1430.400024,,,
2011-06-03,17.766001,1431.680054,,,
2011-06-06,17.488001,1456.0,,,
2011-06-07,17.677999,1438.719971,,,
2011-06-08,17.393,1461.119995,,,
2011-06-09,17.927999,1415.040039,,,
2011-06-10,17.355,1463.040039,,,
2011-06-13,17.038,1487.359985,,,
2011-06-14,17.545,1441.280029,,,
2011-06-15,16.080999,1563.52002,,,
2011-06-16,15.232,1647.359985,,,
2011-06-17,15.496,1615.359985,,,
2011-06-20,16.174,1543.680054,,,
2011-06-21,16.700001,1492.47998,,,
2011-06-22,16.558001,1507.199951,,,
2011-06-23,16.542,1507.199951,,,
2011-06-24,15.854,1569.920044,,,
2011-06-27,16.110001,1546.880005,,,
2011-06-28,16.74,1484.160034,,,
2011-06-29,17.549999,1409.920044,,,
2011-06-30,18.290001,1352.959961,,,
2011-07-01,19.0,1298.560059,,,
2011-07-05,18.91,1303.040039,,,
2011-07-06,18.639999,1323.52002,,,
2011-07-07,19.17,1287.040039,,,
2011-07-08,18.889999,1302.400024,,,
2011-07-11,17.34,1409.280029,,,
2011-07-12,16.889999,1444.47998,,,
2011-07-13,16.9,1444.47998,,,
2011-07-14,16.280001,1496.319946,,,
2011-07-15,16.469999,1482.23999,,,
2011-07-18,16.07,1512.959961,,,
2011-07-19,16.83,1441.280029,,,
2011-07-20,17.17,1410.560059,,,
2011-07-21,18.110001,1336.319946,,,
2011-07-22,18.209999,1326.719971,,,
2011-07-25,17.48,1377.280029,,,
2011-07-26,17.110001,1408.0,,,
2011-07-27,16.129999,1491.199951,,,
2011-07-28,15.69,1525.76001,,,
2011-07-29,15.98,1498.23999,,,
2011-08-01,16.67,1434.23999,,,
2011-08-02,15.58,1534.079956,,,
2011-08-03,15.45,1541.119995,,,
2011-08-04,12.45,1848.959961,,,
2011-08-05,11.71,1939.839966,,,
2011-08-08,10.0,2225.919922,,,
2011-08-09,10.72,2000.640015,,,
2011-08-10,9.25,2250.879883,,,
2011-08-11,9.61,2161.919922,,,
2011-08-12,9.54,2184.320068,,,
2011-08-15,10.1,2059.52002,,,
2011-08-16,9.87,2103.679932,,,
2011-08-17,9.66,2145.919922,,,
2011-08-18,7.73,2590.080078,,,
2011-08-19,7.28,2723.199951,,,
2011-08-22,7.07,2807.040039,,,
2011-08-23,7.41,2673.280029,,,
2011-08-24,7.56,2617.600098,,,
2011-08-25,7.41,2670.719971,,,
2011-08-26,7.52,2628.47998,,,
2011-08-29,7.98,2464.0,,,
2011-08-30,7.9,2489.600098,,,
2011-08-31,7.87,2493.439941,,,
2011-09-01,7.77,2527.360107,,,
2011-09-02,7.38,2654.719971,,,
2011-09-06,7.16,2734.080078,,,
2011-09-07,7.4,2636.159912,,,
2011-09-08,7.27,2679.040039,,,
2011-09-09,6.59,2933.120117,,,
2011-09-12,6.53,2960.0,,,
2011-09-13,6.6,2934.399902,,,
2011-09-14,6.77,2854.399902,,,
2011-09-15,7.1,2712.320068,,,
2011-09-16,7.24,2659.199951,,,
2011-09-19,6.99,2748.159912,,,
2011-09-20,7.0,2744.320068,,,
2011-09-21,6.61,2893.439941,,,
2011-09-22,5.95,3189.76001,,,
2011-09-23,5.88,3221.76001,,,
2011-09-26,6.1,3110.399902,,,
2011-09-27,6.19,3048.959961,,,
2011-09-28,5.8,3246.719971,,,
2011-09-29,5.89,3191.040039,,,
2011-09-30,5.48,3415.679932,,,
2011-10-03,5.12,3637.76001,,,
2011-10-04,5.46,3382.399902,,,
2011-10-05,5.72,3216.639893,,,
2011-10-06,5.83,3160.320068,,,
2011-10-07,5.72,3214.080078,,,
2011-10-10,6.14,2983.040039,,,
2011-10-11,6.21,2946.560059,,,
2011-10-12,6.62,2750.080078,,,
2011-10-13,6.64,2744.320068,,,
2011-10-14,7.02,2589.439941,,,
2011-10-17,6.27,2858.23999,,,
2011-10-18,6.48,2752.0,,,
2011-10-19,6.02,2935.679932,,,
2011-10-20,5.95,2964.47998,,,
2011-10-21,6.27,2802.560059,,,
2011-10-24,6.66,2634.879883,,,
2011-10-25,6.21,2803.199951,,,
2011-10-26,6.45,2689.919922,,,
2011-10-27,7.3,2332.800049,,,
2011-10-28,7.33,2320.639893,,,
2011-10-31,6.56,2567.040039,,,
2011-11-01,5.62,2938.879883,,,
2011-11-02,5.78,2848.0,,,
2011-11-03,6.07,2707.840088,,,
2011-11-04,5.93,2768.0,,,
2011-11-07,5.99,2740.47998,,,
2011-11-08,6.27,2612.47998,,,
2011-11-09,5.09,3105.280029,,,
2011-11-10,5.39,2910.719971,,,
2011-11-11,5.61,2786.560059,,,
2011-11-14,5.47,2855.679932,,,
2011-11-15,5.53,2824.320068,,,
2011-11-16,5.27,2962.560059,,,
2011-11-17,5.03,3100.159912,,,
2011-11-18,5.17,3000.959961,,,
2011-11-21,5.11,3042.560059,,,
2011-11-22,5.21,2970.879883,,,
2011-11-23,4.99,3110.399902,,,
2011-11-25,4.91,3148.800049,,,
2011-11-28,5.13,2996.47998,,,
2011-11-29,5.23,2936.320068,,,
2011-11-30,5.71,2675.840088,,,
2011-12-01,5.84,2612.47998,,,
2011-12-02,5.85,2610.560059,,,
2011-12-05,5.85,2604.159912,,,
2011-12-06,5.88,2594.560059,,,
2011-12-07,5.7,2670.719971,,,
2011-12-08,5.45,2797.439941,,,
2011-12-09,5.82,2599.040039,,,
2011-12-12,5.78,2612.47998,,,
2011-12-13,5.81,2599.040039,,,
2011-12-14,5.78,2609.280029,,,
2011-12-15,6.01,2504.959961,,,
2011-12-16,6.04,2496.0,,,
2011-12-19,6.11,2469.76001,,,
2011-12-20,6.47,2318.080078,,,
2011-12-21,6.92,2160.639893,,,
2011-12-22,6.88,2165.120117,,,
2011-12-23,6.71,2220.159912,,,
2011-12-27,6.75,2200.959961,,,
2011-12-28,6.47,2296.320068,,,
2011-12-29,6.63,2238.719971,,,
2011-12-30,6.51,2273.919922,,,
2012-01-03,6.86,2154.879883,,,
2012-01-04,6.99,2112.639893,,,
2012-01-05,7.15,2064.0,,,
2012-01-06,7.25,2032.640015,,,
2012-01-09,7.37,2003.199951,,,
2012-01-10,7.52,1960.959961,,,
2012-01-11,7.39,1994.23999,,,
2012-01-12,7.5,1962.23999,,,
2012-01-13,7.29,2015.359985,,,
2012-01-17,7.36,1998.079956,,,
2012-01-18,7.63,1929.599976,,,
2012-01-19,7.83,1875.839966,,,
2012-01-20,8.06,1818.880005,,,
2012-01-23,8.27,1774.079956,,,
2012-01-24,8.23,1780.47998,,,
2012-01-25,8.6,1705.599976,,,
2012-01-26,8.61,1704.959961,,,
2012-01-27,8.79,1668.47998,,,
2012-01-30,8.52,1719.040039,,,
2012-01-31,8.52,1719.040039,,,
2012-02-01,8.74,1672.319946,,,
2012-02-02,9.01,1621.119995,,,
2012-02-03,9.5,1535.359985,,,
2012-02-06,9.61,1518.079956,,,
2012-02-07,9.5,1532.800049,,,
2012-02-08,9.28,1566.719971,,,
2012-02-09,8.82,1642.880005,,,
2012-02-10,8.08,1783.680054,,,
2012-02-13,8.72,1648.640015,,,
2012-02-14,8.44,1697.280029,,,
2012-02-15,7.96,1793.280029,,,
2012-02-16,8.23,1724.160034,,,
2012-02-17,8.35,1702.400024,,,
2012-02-21,8.35,1699.839966,,,
2012-02-22,8.58,1651.839966,,,
2012-02-23,9.14,1544.319946,,,
2012-02-24,8.78,1603.199951,,,
2012-02-27,8.69,1619.839966,,,
2012-02-28,8.81,1597.439941,,,
2012-02-29,8.95,1569.280029,,,
2012-03-01,9.12,1544.959961,,,
2012-03-02,9.03,1553.920044,,,
2012-03-05,9.05,1548.160034,,,
2012-03-06,8.35,1665.920044,,,
2012-03-07,8.76,1582.719971,,,
2012-03-08,9.09,1523.199951,,,
2012-03-09,9.26,1493.76001,,,
2012-03-12,9.7,1425.280029,,,
2012-03-13,10.13,1360.0,,,
2012-03-14,9.79,1404.160034,,,
2012-03-15,9.95,1383.680054,,,
2012-03-16,9.96,1379.839966,,,
2012-03-19,10.58,1296.640015,,,
2012-03-20,11.05,1236.47998,,,
2012-03-21,11.58,1175.040039,,,
2012-03-22,11.41,1189.119995,,,
2012-03-23,12.24,1107.199951,,,
2012-03-26,13.36,1002.880005,,,
2012-03-27,12.05,1100.800049,,,
2012-03-28,11.9,1109.119995,,,
2012-03-29,11.98,1103.359985,,,
2012-03-30,12.27,1073.920044,,,
2012-04-02,12.29,1074.560059,,,
2012-04-03,12.05,1094.400024,,,
2012-04-04,11.81,1118.719971,,,
2012-04-05,11.55,1143.040039,,,
2012-04-09,10.81,1214.719971,,,
2012-04-10,9.94,1312.0,,,
2012-04-11,10.22,1282.560059,,,
2012-04-12,11.08,1171.839966,,,
2012-04-13,10.37,1234.560059,,,
2012-04-16,10.57,1215.359985,,,
2012-04-17,11.11,1151.359985,,,
2012-04-18,10.92,1168.0,,,
2012-04-19,10.84,1176.319946,,,
2012-04-20,11.22,1137.280029,,,
2012-04-23,10.83,1175.040039,,,
2012-04-24,11.1,1146.23999,,,
2012-04-25,11.79,1076.47998,,,
2012-04-26,12.2,1038.719971,,,
2012-04-27,12.2,1036.160034,,,
2012-04-30,11.93,1059.199951,,,
2012-05-01,12.33,1024.640015,,,
2012-05-02,12.2,1036.160034,,,
2012-05-03,11.93,1058.560059,,,
2012-05-04,11.42,1102.719971,,,
2012-05-07,11.59,1085.439941,,,
2012-05-08,11.45,1095.680054,,,
2012-05-09,11.01,1136.0,,,
2012-05-10,11.38,1101.439941,,,
2012-05-11,11.18,1118.719971,,,
2012-05-14,10.54,1180.800049,,,
2012-05-15,9.99,1243.52002,,,
2012-05-16,9.65,1284.47998,,,
2012-05-17,9.19,1344.0,,,
2012-05-18,8.57,1431.040039,,,
2012-05-21,9.48,1273.599976,,,
2012-05-22,9.15,1319.040039,,,
2012-05-23,9.3,1297.280029,,,
2012-05-24,9.22,1306.880005,,,
2012-05-25,9.3,1293.439941,,,
2012-05-29,9.77,1230.079956,,,
2012-05-30,9.05,1315.199951,,,
2012-05-31,8.89,1332.47998,,,
2012-06-01,8.15,1445.119995,,,
2012-06-04,8.47,1386.880005,,,
2012-06-05,8.68,1354.880005,,,
2012-06-06,9.34,1257.599976,,,
2012-06-07,9.4,1245.439941,,,
2012-06-08,9.91,1177.599976,,,
2012-06-11,9.05,1276.800049,,,
2012-06-12,9.19,1254.400024,,,
2012-06-13,8.7,1319.040039,,,
2012-06-14,9.26,1237.119995,,,
2012-06-15,9.63,1183.359985,,,
2012-06-18,10.45,1086.079956,,,
2012-06-19,10.65,1064.319946,,,
2012-06-20,11.08,1019.52002,,,
2012-06-21,9.77,1132.800049,,,
2012-06-22,10.78,1016.960022,,,
2012-06-25,10.0,1096.959961,,,
2012-06-26,10.29,1066.880005,,,
2012-06-27,10.23,1075.839966,,,
2012-06-28,10.53,1040.640015,,,
2012-06-29,11.25,973.440002,,,
2012-07-02,11.97,910.080017,,,
2012-07-03,12.21,889.599976,,,
2012-07-05,11.75,921.599976,,,
2012-07-06,11.89,912.640015,,,
2012-07-09,11.97,904.960022,,,
2012-07-10,11.64,929.919983,,,
2012-07-11,12.0,899.840027,,,
2012-07-12,11.92,904.960022,,,
2012-07-13,12.6,854.400024,,,
2012-07-16,12.73,843.52002,,,
2012-07-17,13.21,812.799988,,,
2012-07-18,13.07,822.400024,,,
2012-07-19,13.39,803.200012,,,
2012-07-20,12.63,844.799988,,,
2012-07-23,11.82,899.840027,,,
2012-07-24,11.3,938.23999,,,
2012-07-25,11.45,924.799988,,,
2012-07-26,12.3,854.400024,,,
2012-07-27,12.62,831.359985,,,
2012-07-30,12.35,848.640015,,,
2012-07-31,11.97,872.960022,,,
2012-08-01,12.27,853.76001,,,
2012-08-02,12.52,833.919983,,,
2012-08-03,13.41,778.23999,,,
2012-08-06,13.68,759.039978,,,
2012-08-07,13.31,782.080017,,,
2012-08-08,13.84,749.440002,,,
2012-08-09,13.91,744.320007,,,
2012-08-10,14.16,730.880005,,,
2012-08-13,14.54,712.320007,,,
2012-08-14,13.75,752.0,,,
2012-08-15,13.73,752.0,,,
2012-08-16,14.01,736.640015,,,
2012-08-17,14.42,716.799988,,,
2012-08-20,14.39,716.799988,,,
2012-08-21,14.0,736.0,,,
2012-08-22,13.9,742.400024,,,
2012-08-23,13.6,755.840027,,,
2012-08-24,14.19,725.119995,,,
2012-08-27,14.08,732.159973,,,
2012-08-28,13.81,744.960022,,,
2012-08-29,13.77,746.23999,,,
2012-08-30,13.48,762.880005,,,
2012-08-31,13.89,736.640015,,,
2012-09-04,14.01,731.52002,,,
2012-09-05,14.39,711.679993,,,
2012-09-06,15.9,638.719971,,,
2012-09-07,16.790001,602.23999,,,
2012-09-10,15.85,635.52002,,,
2012-09-11,15.96,631.039978,,,
2012-09-12,16.389999,613.119995,,,
2012-09-13,17.610001,567.679993,,,
2012-09-14,17.02,587.52002,,,
2012-09-17,17.09,580.47998,,,
2012-09-18,17.540001,567.039978,,,
2012-09-19,17.559999,566.400024,,,
2012-09-20,17.74,560.0,,,
2012-09-21,17.870001,556.799988,,,
2012-09-24,18.09,548.47998,,,
2012-09-25,16.75,592.0,,,
2012-09-26,16.09,612.47998,,,
2012-09-27,17.530001,558.719971,,,
2012-09-28,17.02,576.0,,,
2012-10-01,16.84,581.76001,,,
2012-10-02,17.17,568.320007,,,
2012-10-03,17.24,568.320007,,,
2012-10-04,17.67,553.599976,,,
2012-10-05,17.9,545.919983,,,
2012-10-08,17.709999,552.320007,,,
2012-10-09,16.940001,575.679993,,,
2012-10-10,17.15,568.799988,,,
2012-10-11,17.360001,560.159973,,,
2012-10-12,17.17,566.080017,,,
2012-10-15,17.780001,547.52002,,,
2012-10-16,18.17,534.23999,,,
2012-10-17,18.379999,527.679993,,,
2012-10-18,18.42,526.080017,,,
2012-10-19,17.27,559.840027,,,
2012-10-22,17.49,552.799988,,,
2012-10-23,16.08,596.159973,,,
2012-10-24,15.93,599.52002,,,
2012-10-25,16.370001,583.679993,,,
2012-10-26,16.42,580.799988,,,
2012-10-31,16.08,592.159973,,,
2012-11-01,17.33,544.799988,,,
2012-11-02,16.889999,558.880005,,,
2012-11-05,16.57,568.960022,,,
2012-11-06,17.139999,549.280029,,,
2012-11-07,15.8,591.200012,,,
2012-11-08,15.66,595.039978,,,
2012-11-09,15.66,594.880005,,,
2012-11-12,16.65,556.640015,,,
2012-11-13,16.65,557.599976,,,
2012-11-14,16.07,576.0,,,
2012-11-15,15.93,581.119995,,,
2012-11-16,16.629999,554.880005,,,
2012-11-19,18.08,507.200012,,,
2012-11-20,18.370001,498.559998,,,
2012-11-21,18.23,501.440002,,,
2012-11-23,19.059999,480.0,,,
2012-11-26,19.200001,475.839996,,,
2012-11-27,18.780001,485.76001,,,
2012-11-28,19.309999,471.040009,,,
2012-11-29,19.58,465.600006,,,
2012-11-30,19.219999,473.920013,,,
2012-12-03,18.809999,483.839996,,,
2012-12-04,18.48,490.720001,,,
2012-12-05,18.799999,482.559998,,,
2012-12-06,18.559999,488.640015,,,
2012-12-07,19.25,471.040009,,,
2012-12-10,18.98,478.079987,,,
2012-12-11,19.610001,461.76001,,,
2012-12-12,19.129999,473.119995,,,
2012-12-13,18.76,482.079987,,,
2012-12-14,18.639999,485.279999,,,
2012-12-17,19.290001,468.640015,,,
2012-12-18,20.01,450.399994,,,
2012-12-19,18.870001,476.640015,,,
2012-12-20,18.42,487.359985,,,
2012-12-21,17.209999,520.640015,,,
2012-12-24,17.51,511.359985,,,
2012-12-26,16.58,539.840027,,,
2012-12-27,16.58,539.359985,,,
2012-12-28,15.7,566.880005,,,
2012-12-31,16.59,508.959991,,,
2013-01-02,18.6,448.799988,,,
2013-01-03,18.48,450.079987,,,
2013-01-04,18.84,440.799988,,,
2013-01-07,18.879999,440.320007,,,
2013-01-08,19.08,434.880005,,,
2013-01-09,19.040001,435.839996,,,
2013-01-10,19.530001,425.119995,,,
2013-01-11,19.58,423.359985,,,
2013-01-14,19.91,416.480011,,,
2013-01-15,19.9,416.640015,,,
2013-01-16,20.309999,407.839996,,,
2013-01-17,20.209999,410.079987,,,
2013-01-18,21.49,383.679993,,,
2013-01-22,22.110001,372.799988,,,
2013-01-23,22.700001,362.720001,,,
2013-01-24,22.57,364.799988,,,
2013-01-25,22.389999,367.200012,,,
2013-01-28,21.83,377.119995,,,
2013-01-29,22.459999,365.76001,,,
2013-01-30,21.07,388.320007,,,
2013-01-31,20.940001,389.440002,,,
2013-02-01,22.040001,369.440002,,,
2013-02-04,20.610001,394.880005,,,
2013-02-05,21.49,378.720001,,,
2013-02-06,21.58,376.799988,,,
2013-02-07,21.65,375.359985,,,
2013-02-08,22.110001,367.839996,,,
2013-02-11,22.48,361.600006,,,
2013-02-12,22.719999,357.920013,,,
2013-02-13,22.559999,359.839996,,,
2013-02-14,22.940001,354.559998,,,
2013-02-15,23.120001,351.519989,,,
2013-02-19,24.120001,336.320007,,,
2013-02-20,21.98,365.279999,,,
2013-02-21,21.57,372.320007,,,
2013-02-22,22.299999,359.679993,,,
2013-02-25,19.18,408.959991,,,
2013-02-26,19.440001,398.880005,,,
2013-02-27,20.73,372.320007,,,
2013-02-28,20.129999,383.519989,,,
2013-03-01,19.809999,389.279999,,,
2013-03-04,20.790001,368.959991,,,
2013-03-05,21.49,356.480011,,,
2013-03-06,21.389999,358.23999,,,
2013-03-07,21.84,350.880005,,,
2013-03-08,22.120001,346.079987,,,
2013-03-11,23.01,331.679993,,,
2013-03-12,22.65,336.799988,,,
2013-03-13,22.799999,334.880005,,,
2013-03-14,23.219999,328.480011,,,
2013-03-15,23.219999,328.160004,,,
2013-03-18,22.02,345.279999,,,
2013-03-19,21.969999,345.279999,,,
2013-03-20,23.16,327.040009,,,
2013-03-21,22.5,336.320007,,,
2013-03-22,22.549999,335.200012,,,
2013-03-25,22.83,330.880005,,,
2013-03-26,23.48,322.23999,,,
2013-03-27,23.23,325.440002,,,
2013-03-28,23.309999,324.0,,,
2013-04-01,23.219999,325.119995,,,
2013-04-02,23.98,315.040009,,,
2013-04-03,23.07,326.23999,,,
2013-04-04,23.43,320.480011,,,
2013-04-05,23.370001,321.76001,,,
2013-04-08,24.0,312.799988,,,
2013-04-09,24.35,308.640015,,,
2013-04-10,24.969999,300.640015,,,
2013-04-11,25.040001,299.200012,,,
2013-04-12,25.51,293.600006,,,
2013-04-15,22.450001,328.320007,,,
2013-04-16,23.459999,302.399994,,,
2013-04-17,20.860001,337.119995,,,
2013-04-18,19.93,352.640015,,,
2013-04-19,21.27,327.040009,,,
2013-04-22,21.780001,319.839996,,,
2013-04-23,22.879999,303.679993,,,
2013-04-24,22.74,304.640015,,,
2013-04-25,22.540001,308.0,,,
2013-04-26,22.530001,307.839996,,,
2013-04-29,22.639999,306.399994,,,
2013-04-30,22.9,303.519989,,,
2013-05-01,21.860001,316.320007,,,
2013-05-02,22.66,305.76001,,,
2013-05-03,23.16,299.040009,,,
2013-05-06,23.530001,294.079987,,,
2013-05-07,23.76,291.040009,,,
2013-05-08,23.620001,292.959991,,,
2013-05-09,23.139999,298.23999,,,
2013-05-10,23.379999,295.359985,,,
2013-05-13,23.52,294.079987,,,
2013-05-14,23.74,291.200012,,,
2013-05-15,23.559999,293.600006,,,
2013-05-16,23.32,296.160004,,,
2013-05-17,23.879999,288.480011,,,
2013-05-20,23.58,292.320007,,,
2013-05-21,23.370001,294.880005,,,
2013-05-22,23.120001,298.079987,,,
2013-05-23,22.950001,300.480011,,,
2013-05-24,22.969999,299.679993,,,
2013-05-28,23.58,292.320007,,,
2013-05-29,23.209999,296.799988,,,
2013-05-30,23.24,296.640015,,,
2013-05-31,22.43,306.23999,,,
2013-06-03,22.51,305.76001,,,
2013-06-04,22.23,309.440002,,,
2013-06-05,21.27,322.559998,,,
2013-06-06,21.49,319.040009,,,
2013-06-07,22.48,304.640015,,,
2013-06-10,22.719999,300.480011,,,
2013-06-11,21.23,320.320007,,,
2013-06-12,20.01,339.200012,,,
2013-06-13,20.940001,323.519989,,,
2013-06-14,20.34,332.640015,,,
2013-06-17,20.77,326.079987,,,
2013-06-18,21.030001,321.279999,,,
2013-06-19,21.049999,320.959991,,,
2013-06-20,18.48,358.559998,,,
2013-06-21,19.299999,344.959991,,,
2013-06-24,18.17,364.959991,,,
2013-06-25,18.690001,354.720001,,,
2013-06-26,19.110001,346.880005,,,
2013-06-27,19.860001,332.959991,,,
2013-06-28,19.98,331.359985,,,
2013-07-01,20.58,320.959991,,,
2013-07-02,20.309999,324.799988,,,
2013-07-03,20.549999,321.920013,,,
2013-07-05,21.65,304.959991,,,
2013-07-08,22.559999,291.359985,,,
2013-07-09,23.049999,285.440002,,,
2013-07-10,23.280001,282.559998,,,
2013-07-11,23.870001,274.880005,,,
2013-07-12,23.65,277.600006,,,
2013-07-15,24.17,271.519989,,,
2013-07-16,23.49,278.559998,,,
2013-07-17,24.32,268.959991,,,
2013-07-18,24.719999,264.480011,,,
2013-07-19,25.24,258.720001,,,
2013-07-22,25.780001,253.279999,,,
2013-07-23,25.9,252.0,,,
2013-07-24,25.57,255.360001,,,
2013-07-25,26.209999,248.960007,,,
2013-07-26,26.32,248.160004,,,
2013-07-29,25.959999,251.360001,,,
2013-07-30,26.43,246.399994,,,
2013-07-31,26.99,240.960007,,,
2013-08-01,27.879999,233.600006,,,
2013-08-02,28.549999,228.0,,,
2013-08-05,28.9,224.800003,,,
2013-08-06,28.030001,231.679993,,,
2013-08-07,27.73,234.240005,,,
2013-08-08,28.190001,230.559998,,,
2013-08-09,27.799999,233.600006,,,
2013-08-12,27.92,232.320007,,,
2013-08-13,28.18,230.240005,,,
2013-08-14,27.940001,231.839996,,,
2013-08-15,26.49,244.160004,,,
2013-08-16,26.99,239.520004,,,
2013-08-19,26.25,246.240005,,,
2013-08-20,26.559999,243.360001,,,
2013-08-21,26.059999,247.839996,,,
2013-08-22,26.66,241.919998,,,
2013-08-23,27.18,236.800003,,,
2013-08-26,26.280001,244.639999,,,
2013-08-27,24.200001,264.480011,,,
2013-08-28,24.209999,263.679993,,,
2013-08-29,23.719999,269.76001,,,
2013-08-30,23.41,272.640015,,,
2013-09-03,24.34,262.559998,,,
2013-09-04,24.4,261.440002,,,
2013-09-05,24.92,256.160004,,,
2013-09-06,24.709999,257.920013,,,
2013-09-09,25.639999,248.320007,,,
2013-09-10,26.559999,239.199997,,,
2013-09-11,27.41,231.520004,,,
2013-09-12,26.940001,235.199997,,,
2013-09-13,27.379999,231.679993,,,
2013-09-16,27.66,229.279999,,,
2013-09-17,27.950001,226.880005,,,
2013-09-18,28.950001,218.399994,,,
2013-09-19,29.1,217.279999,,,
2013-09-20,28.549999,221.440002,,,
2013-09-23,28.209999,224.320007,,,
2013-09-24,28.33,223.039993,,,
2013-09-25,28.41,222.240005,,,
2013-09-26,28.950001,217.919998,,,
2013-09-27,27.799999,227.199997,,,
2013-09-30,26.790001,235.199997,,,
2013-10-01,27.67,226.880005,,,
2013-10-02,26.809999,234.080002,,,
2013-10-03,25.780001,242.720001,,,
2013-10-04,25.940001,240.960007,,,
2013-10-07,23.959999,259.359985,,,
2013-10-08,22.85,271.359985,,,
2013-10-09,23.549999,261.920013,,,
2013-10-10,25.85,236.320007,,,
2013-10-11,26.33,232.479996,,,
2013-10-14,26.040001,234.880005,,,
2013-10-15,24.450001,248.960007,,,
2013-10-16,27.389999,220.320007,,,
2013-10-17,28.91,208.160004,,,
2013-10-18,29.18,205.759995,,,
2013-10-21,29.02,207.360001,,,
2013-10-22,28.870001,208.0,,,
2013-10-23,28.67,209.279999,,,
2013-10-24,29.129999,206.080002,,,
2013-10-25,29.219999,205.440002,,,
2013-10-28,29.049999,206.559998,,,
2013-10-29,29.309999,205.279999,,,
2013-10-30,28.85,207.199997,,,
2013-10-31,29.0,206.880005,,,
2013-11-01,29.059999,205.279999,,,
2013-11-04,29.950001,200.0,,,
2013-11-05,30.02,199.520004,,,
2013-11-06,30.51,196.320007,,,
2013-11-07,29.440001,203.199997,,,
2013-11-08,30.66,194.479996,,,
2013-11-11,30.790001,194.080002,,,
2013-11-12,30.82,193.360001,,,
2013-11-13,30.950001,192.600006,,,
2013-11-14,31.309999,190.559998,,,
2013-11-15,31.73,188.119995,,,
2013-11-18,31.65,188.119995,,,
2013-11-19,31.280001,190.440002,,,
2013-11-20,31.950001,186.600006,,,
2013-11-21,32.98,180.479996,,,
2013-11-22,33.490002,177.800003,,,
2013-11-25,33.380001,178.360001,,,
2013-11-26,33.18,179.360001,,,
2013-11-27,33.139999,179.360001,,,
2013-11-29,32.75,181.559998,,,
2013-12-02,32.48,183.199997,,,
2013-12-03,31.67,187.399994,,,
2013-12-04,31.99,185.960007,,,
2013-12-05,31.77,186.839996,,,
2013-12-06,32.880001,180.520004,,,
2013-12-09,33.139999,179.039993,,,
2013-12-10,32.950001,180.0,,,
2013-12-11,31.389999,188.440002,,,
2013-12-12,31.25,189.240005,,,
2013-12-13,31.24,189.559998,,,
2013-12-16,31.190001,189.800003,,,
2013-12-17,31.27,189.0,,,
2013-12-18,33.43,175.520004,,,
2013-12-19,33.200001,177.320007,,,
2013-12-20,32.950001,178.479996,,,
2013-12-23,34.139999,172.160004,,,
2013-12-24,34.830002,168.639999,,,
2013-12-26,35.380001,165.839996,,,
2013-12-27,34.950001,168.0,,,
2013-12-30,34.32,170.279999,,,
2013-12-31,34.380001,170.199997,,,
2014-01-02,33.720001,173.759995,,,
2014-01-03,33.919998,172.639999,,,
2014-01-06,34.349998,170.919998,,,
2014-01-07,35.130001,166.880005,,,
2014-01-08,35.07,167.080002,,,
2014-01-09,34.959999,167.320007,,,
2014-01-10,35.77,163.360001,,,
2014-01-13,34.5,169.240005,,,
2014-01-14,35.919998,162.479996,,,
2014-01-15,35.790001,163.240005,,,
2014-01-16,35.57,163.919998,,,
2014-01-17,35.529999,164.520004,,,
2014-01-21,35.959999,162.320007,,,
2014-01-22,36.5,159.880005,,,
2014-01-23,35.540001,164.360001,,,
2014-01-24,32.330002,178.759995,,,
2014-01-27,31.49,181.559998,,,
2014-01-28,32.799999,174.199997,,,
2014-01-29,30.540001,185.800003,,,
2014-01-30,31.030001,182.639999,,,
2014-01-31,28.610001,198.039993,,,
2014-02-03,26.639999,212.080002,,,
2014-02-04,27.02,207.320007,,,
2014-02-05,26.1,215.479996,,,
2014-02-06,28.65,194.039993,,,
2014-02-07,30.33,181.839996,,,
2014-02-10,30.35,182.119995,,,
2014-02-11,31.469999,175.240005,,,
2014-02-12,32.119999,171.600006,,,
2014-02-13,32.34,170.360001,,,
2014-02-14,32.849998,167.800003,,,
2014-02-18,33.299999,165.720001,,,
2014-02-19,30.99,176.679993,,,
2014-02-20,32.23,170.160004,,,
2014-02-21,31.870001,172.039993,,,
2014-02-24,32.09,170.800003,,,
2014-02-25,32.060001,170.759995,,,
2014-02-26,31.6,172.800003,,,
2014-02-27,31.690001,172.399994,,,
2014-02-28,31.200001,175.479996,,,
2014-03-03,29.43,185.119995,,,
2014-03-04,31.24,172.960007,,,
2014-03-05,31.209999,172.800003,,,
2014-03-06,31.450001,171.880005,,,
2014-03-07,30.709999,175.600006,,,
2014-03-10,30.9,174.880005,,,
2014-03-11,30.43,177.320007,,,
2014-03-12,30.450001,177.240005,,,
2014-03-13,29.25,184.399994,,,
2014-03-14,28.440001,189.600006,,,
2014-03-17,29.629999,180.720001,,,
2014-03-18,30.84,173.600006,,,
2014-03-19,30.26,177.0,,,
2014-03-20,30.4,175.919998,,,
2014-03-21,30.200001,177.119995,,,
2014-03-24,30.110001,177.479996,,,
2014-03-25,30.48,175.240005,,,
2014-03-26,29.93,178.440002,,,
2014-03-27,30.290001,176.279999,,,
2014-03-28,30.66,174.199997,,,
2014-03-31,31.610001,168.600006,,,
2014-04-01,32.66,162.960007,,,
2014-04-02,32.439999,164.160004,,,
2014-04-03,32.459999,163.960007,,,
2014-04-04,31.76,167.360001,,,
2014-04-07,31.040001,171.199997,,,
2014-04-08,31.610001,168.080002,,,
2014-04-09,32.450001,163.919998,,,
2014-04-10,30.469999,173.759995,,,
2014-04-11,29.51,179.0,,,
2014-04-14,29.76,177.520004,,,
2014-04-15,30.129999,175.679993,,,
2014-04-16,31.16,169.399994,,,
2014-04-17,31.610001,166.839996,,,
2014-04-21,32.23,163.759995,,,
2014-04-22,32.290001,163.559998,,,
2014-04-23,32.150002,164.0,,,
2014-04-24,31.76,166.199997,,,
2014-04-25,31.51,167.320007,,,
2014-04-28,32.209999,163.800003,,,
2014-04-29,32.790001,160.800003,,,
2014-04-30,32.759998,161.0,,,
2014-05-01,32.759998,160.839996,,,
2014-05-02,32.91,160.0,,,
2014-05-05,33.27,158.240005,,,
2014-05-06,33.049999,159.320007,,,
2014-05-07,33.619999,156.199997,,,
2014-05-08,33.610001,156.479996,,,
2014-05-09,34.32,153.080002,,,
2014-05-12,35.349998,148.520004,,,
2014-05-13,35.259998,148.960007,,,
2014-05-14,35.43,148.119995,,,
2014-05-15,35.049999,149.679993,,,
2014-05-16,35.860001,146.199997,,,
2014-05-19,36.299999,144.440002,,,
2014-05-20,36.580002,143.160004,,,
2014-05-21,37.16,140.880005,,,
2014-05-22,37.189999,140.960007,,,
2014-05-23,37.459999,139.800003,,,
2014-05-27,38.619999,135.479996,,,
2014-05-28,38.740002,135.119995,,,
2014-05-29,38.880001,134.559998,,,
2014-05-30,38.950001,134.080002,,,
2014-06-02,39.189999,133.520004,,,
2014-06-03,39.0,134.0,,,
2014-06-04,39.419998,132.600006,,,
2014-06-05,40.82,127.800003,,,
2014-06-06,42.900002,121.400002,,,
2014-06-09,42.290001,122.959999,,,
2014-06-10,43.040001,120.839996,,,
2014-06-11,42.110001,123.559998,,,
2014-06-12,40.080002,129.479996,,,
2014-06-13,40.740002,127.279999,,,
2014-06-16,40.779999,127.080002,,,
2014-06-17,42.18,122.68,,,
2014-06-18,44.419998,116.080002,,,
2014-06-19,44.259998,116.68,,,
2014-06-20,43.639999,118.239998,,,
2014-06-23,44.740002,115.32,,,
2014-06-24,43.07,119.440002,,,
2014-06-25,44.790001,115.0,,,
2014-06-26,44.189999,116.440002,,,
2014-06-27,44.560001,115.440002,,,
2014-06-30,44.98,114.400002,,,
2014-07-01,46.139999,111.360001,,,
2014-07-02,46.630001,110.199997,,,
2014-07-03,47.27,108.68,,,
2014-07-07,46.290001,111.080002,,,
2014-07-08,45.529999,112.760002,,,
2014-07-09,46.439999,110.599998,,,
2014-07-10,44.799999,114.32,,,
2014-07-11,45.27,113.199997,,,
2014-07-14,46.560001,109.919998,,,
2014-07-15,45.720001,111.800003,,,
2014-07-16,46.790001,109.080002,,,
2014-07-17,42.290001,119.720001,,,
2014-07-18,45.43,111.559998,,,
2014-07-21,44.32,114.040001,,,
2014-07-22,45.220001,111.760002,,,
2014-07-23,44.82,112.720001,,,
2014-07-24,45.16,111.959999,,,
2014-07-25,43.84,115.32,,,
2014-07-28,44.080002,114.599998,,,
2014-07-29,44.119999,114.480003,,,
2014-07-30,43.389999,116.32,,,
2014-07-31,39.73,126.160004,,,
2014-08-01,37.75,132.039993,,,
2014-08-04,39.290001,126.199997,,,
2014-08-05,36.59,135.160004,,,
2014-08-06,36.41,135.639999,,,
2014-08-07,35.650002,138.479996,,,
2014-08-08,37.080002,132.839996,,,
2014-08-11,38.560001,127.400002,,,
2014-08-12,38.830002,126.599998,,,
2014-08-13,41.040001,119.559998,,,
2014-08-14,42.380001,115.519997,,,
2014-08-15,42.360001,115.519997,,,
2014-08-18,43.950001,111.199997,,,
2014-08-19,44.369999,110.0,,,
2014-08-20,44.029999,110.839996,,,
2014-08-21,43.900002,111.239998,,,
2014-08-22,44.060001,110.800003,,,
2014-08-25,44.52,109.599998,,,
2014-08-26,44.139999,110.519997,,,
2014-08-27,43.830002,111.32,,,
2014-08-28,43.080002,113.080002,,,
2014-08-29,43.380001,112.440002,,,
2014-09-02,43.099998,113.120003,,,
2014-09-03,43.599998,111.800003,,,
2014-09-04,43.490002,112.040001,,,
2014-09-05,44.380001,109.800003,,,
2014-09-08,44.279999,110.040001,,,
2014-09-09,43.080002,112.919998,,,
2014-09-10,43.369999,112.279999,,,
2014-09-11,43.490002,112.0,,,
2014-09-12,42.5,114.480003,,,
2014-09-15,41.419998,117.440002,,,
2014-09-16,43.450001,111.519997,,,
2014-09-17,43.84,110.519997,,,
2014-09-18,44.490002,108.800003,,,
2014-09-19,44.470001,108.919998,,,
2014-09-22,42.880001,112.639999,,,
2014-09-23,41.279999,116.919998,,,
2014-09-24,42.549999,113.160004,,,
2014-09-25,39.360001,121.279999,,,
2014-09-26,40.73,117.480003,,,
2014-09-29,38.790001,123.239998,,,
2014-09-30,38.25,124.720001,,,
2014-10-01,37.5,127.559998,,,
2014-10-02,37.720001,126.239998,,,
2014-10-03,39.98,118.480003,,,
2014-10-06,39.27,120.32,,,
2014-10-07,36.580002,129.080002,,,
2014-10-08,39.48,118.199997,,,
2014-10-09,35.900002,128.839996,,,
2014-10-10,31.860001,143.399994,,,
2014-10-13,28.51,158.240005,,,
2014-10-14,28.75,155.720001,,,
2014-10-15,28.299999,157.639999,,,
2014-10-16,27.190001,161.320007,,,
2014-10-17,28.33,154.320007,,,
2014-10-20,30.48,142.399994,,,
2014-10-21,32.740002,131.960007,,,
2014-10-22,30.1,142.080002,,,
2014-10-23,32.049999,133.919998,,,
2014-10-24,32.369999,132.679993,,,
2014-10-27,32.790001,130.679993,,,
2014-10-28,34.950001,122.0,,,
2014-10-29,34.330002,124.080002,,,
2014-10-30,34.209999,124.559998,,,
2014-10-31,35.060001,121.279999,,,
2014-11-03,34.5,123.239998,,,
2014-11-04,34.77,122.480003,,,
2014-11-05,35.200001,120.959999,,,
2014-11-06,36.07,117.800003,,,
2014-11-07,36.610001,116.120003,,,
2014-11-10,37.970001,111.559998,,,
2014-11-11,38.009998,111.599998,,,
2014-11-12,37.52,113.120003,,,
2014-11-13,37.040001,114.279999,,,
2014-11-14,36.950001,114.639999,,,
2014-11-17,37.040001,114.400002,,,
2014-11-18,37.66,112.400002,,,
2014-11-19,36.740002,115.120003,,,
2014-11-20,37.110001,113.919998,,,
2014-11-21,37.900002,111.68,,,
2014-11-24,38.700001,109.239998,,,
2014-11-25,38.939999,108.480003,,,
2014-11-26,39.580002,106.800003,,,
2014-11-28,38.509998,109.599998,,,
2014-12-01,36.900002,114.279999,,,
2014-12-02,38.82,107.879997,,,
2014-12-03,39.43,106.080002,,,
2014-12-04,39.380001,106.160004,,,
2014-12-05,40.07,104.400002,,,
2014-12-08,38.48,108.199997,,,
2014-12-09,37.880001,109.760002,,,
2014-12-10,34.029999,121.32,,,
2014-12-11,31.84,128.559998,,,
2014-12-12,30.110001,135.559998,,,
2014-12-15,30.870001,132.199997,,,
2014-12-16,29.32,138.520004,,,
2014-12-17,31.99,124.360001,,,
2014-12-18,33.049999,120.68,,,
2014-12-19,33.220001,119.599998,,,
2014-12-22,34.91,113.959999,,,
2014-12-23,34.880001,114.040001,,,
2014-12-24,35.110001,113.239998,,,
2014-12-26,34.740002,114.360001,,,
2014-12-29,34.799999,114.040001,,,
2014-12-30,33.959999,116.800003,,,
2014-12-31,31.139999,126.040001,,,
2015-01-02,31.690001,123.959999,,,
2015-01-05,29.49,132.839996,,,
2015-01-06,28.77,135.800003,,,
2015-01-07,29.74,131.520004,,,
2015-01-08,31.610001,123.080002,,,
2015-01-09,30.41,127.919998,,,
2015-01-12,28.92,133.960007,,,
2015-01-13,28.110001,137.559998,,,
2015-01-14,27.57,140.479996,,,
2015-01-15,26.74,144.520004,,,
2015-01-16,27.25,141.880005,,,
2015-01-20,27.49,140.479996,,,
2015-01-21,28.76,133.800003,,,
2015-01-22,30.66,125.199997,,,
2015-01-23,29.82,128.399994,,,
2015-01-26,31.200001,122.519997,,,
2015-01-27,29.709999,128.0,,,
2015-01-28,27.129999,138.679993,,,
2015-01-29,27.82,134.0,,,
2015-01-30,24.969999,147.479996,,,
2015-02-02,26.450001,139.600006,,,
2015-02-03,27.68,132.960007,,,
2015-02-04,26.91,136.600006,,,
2015-02-05,27.83,131.639999,,,
2015-02-06,26.65,137.199997,,,
2015-02-09,26.530001,137.880005,,,
2015-02-10,27.52,132.600006,,,
2015-02-11,27.370001,133.240005,,,
2015-02-12,29.049999,125.400002,,,
2015-02-13,29.4,123.879997,,,
2015-02-17,29.309999,124.199997,,,
2015-02-18,29.549999,123.239998,,,
2015-02-19,30.200001,120.480003,,,
2015-02-20,31.290001,116.199997,,,
2015-02-23,31.139999,116.559998,,,
2015-02-24,32.419998,111.839996,,,
2015-02-25,32.200001,112.400002,,,
2015-02-26,32.59,111.120003,,,
2015-02-27,32.75,110.480003,,,
2015-03-02,33.849998,106.800003,,,
2015-03-03,33.09,109.120003,,,
2015-03-04,33.169998,108.879997,,,
2015-03-05,33.59,107.519997,,,
2015-03-06,32.09,112.120003,,,
2015-03-09,32.509998,110.639999,,,
2015-03-10,31.5,114.040001,,,
2015-03-11,30.73,116.919998,,,
2015-03-12,32.529999,109.919998,,,
2015-03-13,31.790001,112.400002,,,
2015-03-16,32.509998,109.639999,,,
2015-03-17,32.689999,109.199997,,,
2015-03-18,34.119999,104.519997,,,
2015-03-19,34.09,104.519997,,,
2015-03-20,34.630001,102.919998,,,
2015-03-23,35.25,100.959999,,,
2015-03-24,35.380001,100.599998,,,
2015-03-25,33.779999,105.080002,,,
2015-03-26,34.09,104.199997,,,
2015-03-27,34.470001,102.959999,,,
2015-03-30,35.529999,99.839996,,,
2015-03-31,34.639999,102.519997,,,
2015-04-01,34.66,102.080002,,,
2015-04-02,35.349998,100.239998,,,
2015-04-06,36.09,98.120003,,,
2015-04-07,36.220001,97.800003,,,
2015-04-08,36.91,95.879997,,,
2015-04-09,38.189999,92.559998,,,
2015-04-10,39.889999,88.519997,,,
2015-04-13,38.779999,90.639999,,,
2015-04-14,39.099998,89.879997,,,
2015-04-15,39.939999,87.919998,,,
2015-04-16,40.77,86.080002,,,
2015-04-17,39.369999,89.160004,,,
2015-04-20,40.720001,86.160004,,,
2015-04-21,40.709999,86.120003,,,
2015-04-22,41.16,85.199997,,,
2015-04-23,41.529999,84.400002,,,
2015-04-24,41.919998,83.559998,,,
2015-04-27,40.75,85.800003,,,
2015-04-28,42.16,83.080002,,,
2015-04-29,41.02,84.959999,,,
2015-04-30,39.919998,87.360001,,,
2015-05-01,41.82,83.239998,,,
2015-05-04,41.689999,83.279999,,,
2015-05-05,40.34,85.879997,,,
2015-05-06,39.68,87.440002,,,
2015-05-07,39.900002,86.800003,,,
2015-05-08,41.98,82.440002,,,
2015-05-11,40.959999,84.480003,,,
2015-05-12,41.060001,84.199997,,,
2015-05-13,41.779999,82.68,,,
2015-05-14,42.650002,81.040001,,,
2015-05-15,42.990002,80.239998,,,
2015-05-18,44.400002,77.68,,,
2015-05-19,45.029999,76.559998,,,
2015-05-20,44.950001,76.720001,,,
2015-05-21,46.18,74.599998,,,
2015-05-22,46.09,74.720001,,,
2015-05-26,44.310001,77.559998,,,
2015-05-27,45.990002,74.760002,,,
2015-05-28,45.470001,75.519997,,,
2015-05-29,45.189999,76.080002,,,
2015-06-01,45.610001,75.360001,,,
2015-06-02,44.869999,76.480003,,,
2015-06-03,45.650002,75.160004,,,
2015-06-04,44.099998,77.639999,,,
2015-06-05,44.849998,76.400002,,,
2015-06-08,43.98,77.879997,,,
2015-06-09,44.41,77.0,,,
2015-06-10,46.34,73.839996,,,
2015-06-11,47.34,72.080002,,,
2015-06-12,46.700001,73.0,,,
2015-06-15,44.720001,76.080002,,,
2015-06-16,45.490002,74.839996,,,
2015-06-17,45.66,74.519997,,,
2015-06-18,46.970001,72.400002,,,
2015-06-19,46.529999,72.919998,,,
2015-06-22,48.459999,69.879997,,,
2015-06-23,49.68,68.040001,,,
2015-06-24,48.779999,69.239998,,,
2015-06-25,48.310001,69.839996,,,
2015-06-26,48.599998,69.400002,,,
2015-06-29,40.470001,81.239998,,,
2015-06-30,40.610001,80.400002,,,
2015-07-01,43.299999,75.080002,,,
2015-07-02,40.59,79.879997,,,
2015-07-06,39.59,81.919998,,,
2015-07-07,41.66,77.599998,,,
2015-07-08,37.48,85.400002,,,
2015-07-09,37.150002,86.040001,,,
2015-07-10,39.91,79.440002,,,
2015-07-13,43.77,71.68,,,
2015-07-14,44.060001,71.040001,,,
2015-07-15,44.240002,70.800003,,,
2015-07-16,47.240002,66.120003,,,
2015-07-17,47.560001,65.599998,,,
2015-07-20,47.689999,65.32,,,
2015-07-21,48.110001,64.800003,,,
2015-07-22,48.34,64.480003,,,
2015-07-23,47.59,65.160004,,,
2015-07-24,46.200001,67.360001,,,
2015-07-27,43.75,70.879997,,,
2015-07-28,46.950001,65.959999,,,
2015-07-29,47.650002,64.639999,,,
2015-07-30,47.970001,64.199997,,,
2015-07-31,48.040001,64.080002,,,
2015-08-03,48.759998,63.119999,,,
2015-08-04,48.540001,63.32,,,
2015-08-05,48.880001,62.959999,,,
2015-08-06,47.16,65.040001,,,
2015-08-07,47.610001,64.519997,,,
2015-08-10,49.439999,62.279999,,,
2015-08-11,47.209999,64.879997,,,
2015-08-12,47.169998,64.959999,,,
2015-08-13,47.790001,64.160004,,,
2015-08-14,47.84,63.959999,,,
2015-08-17,48.450001,63.240002,,,
2015-08-18,47.880001,63.880001,0.916617733412,,
2015-08-19,46.939999,65.040001,0.939635535308,,
2015-08-20,43.09,70.480003,0.985863874346,,
2015-08-21,36.040001,82.879997,1.05105239588,,
2015-08-24,29.58,97.480003,1.13815789474,,
2015-08-25,26.1,106.32,1.10003718855,,
2015-08-26,28.66,96.480003,1.05252359458,,
2015-08-27,27.99,98.839996,1.06330196749,,
2015-08-28,26.629999,103.360001,1.05583333333,,
2015-08-31,25.639999,107.400002,1.04243614931,,
2015-09-01,22.01,123.040001,1.07813070464,,
2015-09-02,24.440001,109.879997,1.03476886606,,
2015-09-03,24.530001,109.279999,1.02987421384,,
2015-09-04,22.75,117.279999,1.06933333333,,
2015-09-08,24.66,106.959999,1.02677857714,,
2015-09-09,24.09,109.400002,1.01036866359,,
2015-09-10,24.68,106.720001,1.03804127883,,
2015-09-11,25.27,104.160004,0.992360273422,,
2015-09-14,25.25,104.199997,0.97651421508,,
2015-09-15,27.75,94.0,1.0122591944,,
2015-09-16,29.379999,88.360001,1.03523412146,,
2015-09-17,29.440001,87.879997,0.986007462687,,
2015-09-18,25.889999,98.720001,1.01310043668,,
2015-09-21,27.719999,92.199997,0.988100686499,,
2015-09-22,25.940001,97.400002,1.00605012965,,
2015-09-23,26.41,95.199997,1.00394910048,,
2015-09-24,25.719999,97.760002,1.01120689655,,
2015-09-25,25.040001,100.360001,1.03609341826,,
2015-09-28,23.309999,107.360001,1.04145282274,,
2015-09-29,23.24,107.559998,1.04166666667,,
2015-09-30,24.35,102.400002,1.02739726027,,
2015-10-01,24.639999,101.360001,1.00974576271,,
2015-10-02,25.940001,96.120003,0.980477223427,,
2015-10-05,27.389999,90.559998,0.969986357435,,
2015-10-06,27.059999,91.599998,0.978694469628,,
2015-10-07,27.67,89.360001,0.967304997665,,
2015-10-08,29.040001,85.120003,0.953036053131,,
2015-10-09,29.01,85.080002,0.967348927875,,
2015-10-12,30.85,80.0,0.958208955224,,
2015-10-13,29.08,84.0,0.971563981043,,
2015-10-14,28.450001,85.720001,0.975164011246,,
2015-10-15,30.51,79.599998,0.978348439074,,
2015-10-16,30.73,78.760002,0.93630892678,,
2015-10-19,32.91,73.279999,0.920618556701,,
2015-10-20,31.709999,75.800003,0.935143288084,,
2015-10-21,29.51,81.160004,0.93288590604,,
2015-10-22,31.93,73.760002,0.898429319372,,
2015-10-23,31.530001,74.519997,0.909942738157,,
2015-10-26,30.51,77.160004,0.910425101215,,
2015-10-27,31.1,75.519997,0.92174796748,,
2015-10-28,31.98,73.360001,0.909516380655,,
2015-10-29,31.57,74.32,0.911930363543,,
2015-10-30,31.09,75.32,0.927419354839,,
2015-11-02,32.700001,71.519997,0.908237747654,,
2015-11-03,32.02,72.959999,0.910369984367,,
2015-11-04,31.02,75.279999,0.931332655137,,
2015-11-05,31.620001,73.760002,0.914271047228,,
2015-11-06,32.279999,72.160004,0.912179822269,,
2015-11-09,30.540001,76.120003,0.943443443443,,
2015-11-10,31.32,73.959999,0.915650406504,0.984398002953,
2015-11-11,30.65,75.599998,0.935124176381,0.984706443669,
2015-11-12,27.940001,82.239998,0.960476190476,0.985053787922,
2015-11-13,26.049999,87.839996,0.967713004484,0.984751273424,
2015-11-16,28.709999,79.0,0.949168646081,0.983053210927,
2015-11-17,27.08,83.32,0.972394098049,0.980290480983,
2015-11-18,28.99,77.800003,0.95290034705,0.977838200291,
2015-11-19,28.030001,80.440002,0.951089588378,0.976147633521,
2015-11-20,28.940001,77.720001,0.911892152143,0.973624136598,
2015-11-23,29.73,75.599998,0.926404773744,0.971466993939,
2015-11-24,29.52,76.120003,0.921674876847,0.969454306064,
2015-11-25,29.959999,74.959999,0.912694430507,0.966697034829,
2015-11-27,29.629999,75.639999,0.889287544849,0.964272346142,
2015-11-30,29.85,75.199997,0.919443063153,0.962431826964,
2015-12-01,31.15,71.919998,0.8883274381,0.959415062043,
2015-12-02,29.889999,74.720001,0.917876815223,0.957600032678,
2015-12-03,27.67,80.080002,0.945018796992,0.956510868234,
2015-12-04,30.34,72.879997,0.924681933842,0.954621545818,
2015-12-07,29.57,74.599998,0.934837092732,0.95366282614,
2015-12-08,28.65,76.919998,0.964423076923,0.95346130717,
2015-12-09,27.469999,79.959999,0.976345083488,0.952862738655,
2015-12-10,27.120001,81.120003,0.954921803128,0.951524200016,
2015-12-11,23.110001,93.279999,0.991459943066,0.951615074689,
2015-12-14,24.52,86.68,0.995726495726,0.951325509007,
2015-12-15,25.57,83.040001,0.973719376392,0.951085820505,
2015-12-16,27.280001,77.360001,0.944042450555,0.950052359187,
2015-12-17,26.209999,80.639999,0.948765719609,0.949132636172,
2015-12-18,24.1,87.080002,0.944469124833,0.948020339977,
2015-12-21,25.17,83.040001,0.965249199817,0.946839603003,
2015-12-22,26.389999,78.959999,0.945662535748,0.94524309822,
2015-12-23,26.99,77.080002,0.937894226104,0.943513557544,
2015-12-24,26.530001,78.480003,0.948915662651,0.942205530917,
2015-12-28,26.799999,77.559998,0.953026634383,0.941260212111,
2015-12-29,27.23,76.279999,0.944142362827,0.940654631101,
2015-12-30,26.41,78.480003,0.961236506379,0.94050880025,
2015-12-31,25.799999,80.400002,0.961631860126,0.940224423425,
2016-01-04,24.15,85.360001,0.994577496611,0.940678965074,
2016-01-05,24.950001,82.68,0.967468175389,0.940919500445,
2016-01-06,24.209999,85.160004,0.960704607046,0.940808761765,
2016-01-07,21.639999,94.400002,1.0173553719,0.941794535376,
2016-01-08,20.450001,99.32,1.02903099255,0.942752318901,
2016-01-11,21.0,96.080002,1.0081532817,0.943302140075,
2016-01-12,21.98,91.639999,0.962820512821,0.943043341304,
2016-01-13,19.790001,100.800003,1.0028203062,0.944151864295,
2016-01-14,20.5,97.160004,0.976753839768,0.945087452346,
2016-01-15,18.440001,106.800003,1.02634593356,0.946607496437,
2016-01-19,18.42,106.839996,1.03120124805,0.948246085471,
2016-01-20,17.959999,109.639999,1.03768656716,0.950567039601,
2016-01-21,18.02,109.160004,1.00640542577,0.952174751061,
2016-01-22,19.540001,100.0,0.987794955248,0.953464248628,
2016-01-25,18.549999,104.959999,0.992141453831,0.954637473401,
2016-01-26,19.4,99.959999,0.956861133936,0.955426552622,
2016-01-27,18.629999,104.080002,0.976846307385,0.956508485019,
2016-01-28,19.25,100.599998,0.976026005689,0.957318595867,
2016-01-29,20.02,96.480003,0.992988606486,0.958731110181,
2016-02-01,20.23,95.360001,0.981712756467,0.959920156382,
2016-02-02,18.879999,101.599998,0.987347110924,0.960853730645,
2016-02-03,19.09,100.480003,0.981387478849,0.961972337839,
2016-02-04,18.91,101.440002,0.978494623656,0.963077584529,
2016-02-05,18.16,105.440002,0.978026368358,0.963653966611,
2016-02-08,17.299999,110.480003,0.988208444275,0.96486326724,
2016-02-09,17.15,111.519997,1.00562851782,0.966038339598,
2016-02-10,17.01,112.279999,1.00262664165,0.966740847117,
2016-02-11,15.98,119.120003,0.995332136445,0.967201165983,
2016-02-12,16.68,114.239998,0.972922848665,0.96759706936,
2016-02-16,17.459999,109.0,0.963034270312,0.967441072231,
2016-02-17,18.110001,104.720001,0.950746871215,0.967405180967,
2016-02-18,18.190001,104.32,0.948487326247,0.967361809931,
2016-02-19,18.65,101.68,0.94566569888,0.967924702377,
2016-02-22,19.690001,95.879997,0.929892473118,0.9679828307,
2016-02-23,18.700001,100.720001,0.934610578925,0.968198425735,
2016-02-24,18.77,100.080002,0.945808636749,0.968750329172,
2016-02-25,19.440001,96.639999,0.929947460595,0.969427994434,
2016-02-26,19.209999,98.0,0.945910861099,0.9698691244,
2016-02-29,18.84,99.519997,0.949936359779,0.970895939761,
2016-03-01,20.549999,90.879997,0.922237380628,0.970968615851,
2016-03-02,20.85,89.279999,0.926511627907,0.970660163033,
2016-03-03,21.52,86.360001,0.923259118901,0.970636449451,
2016-03-04,21.26,87.440002,0.927255550307,0.970510090411,
2016-03-07,21.18,87.559998,0.923862581244,0.969834082149,
2016-03-08,20.35,90.919998,0.93719376392,0.969181560157,
2016-03-09,20.620001,89.720001,0.935949481281,0.968865354792,
2016-03-10,20.98,88.080002,0.937952898551,0.967973570717,
2016-03-11,22.09,83.599998,0.914084507042,0.966612870906,
2016-03-14,22.43,82.32,0.922127255461,0.965753002224,
2016-03-15,22.09,83.480003,0.92443806791,0.965426262513,
2016-03-16,22.9,80.360001,0.915304606241,0.96486857729,
2016-03-17,23.639999,77.959999,0.914775592537,0.964373685085,
2016-03-18,23.709999,77.400002,0.906471183013,0.963394051472,
2016-03-21,24.440001,75.199997,0.9025141098,0.962674911039,
2016-03-22,24.75,74.199997,0.90607452782,0.962144582734,0.967441594304
2016-03-23,23.59,77.639999,0.909090909091,0.961480836842,0.967391415476
2016-03-24,23.690001,77.199997,0.910767696909,0.960776521217,0.96719896322
2016-03-28,24.059999,76.199997,0.912263210369,0.96024520201,0.966708292126
2016-03-29,25.42,71.800003,0.898852971846,0.959205476434,0.965693629299
2016-03-30,26.08,70.040001,0.89381933439,0.958075267672,0.964064705564
2016-03-31,25.879999,70.480003,0.897530215449,0.956457812986,0.962714659077
2016-04-01,26.610001,68.480003,0.888051668461,0.955134204537,0.961618179569
2016-04-04,25.91,70.279999,0.900208986416,0.954125944193,0.960530893029
2016-04-05,24.42,74.32,0.916251246261,0.952440875432,0.959600345781
2016-04-06,26.059999,69.519997,0.897662337662,0.950251397851,0.958635187037
2016-04-07,23.629999,75.839996,0.915089762251,0.948700339194,0.957548247421
2016-04-08,24.219999,73.839996,0.904244817374,0.947724077603,0.956678087097
2016-04-11,23.85,75.040001,0.910800385728,0.946190412262,0.955884261576
2016-04-12,24.66,72.480003,0.901203610832,0.944931241779,0.954763396759
2016-04-13,25.9,68.839996,0.89014956163,0.942661302247,0.953852536656
2016-04-14,25.959999,68.599998,0.888659793814,0.940285611343,0.953041144191
2016-04-15,26.299999,67.720001,0.889119170984,0.937809488074,0.952048330138
2016-04-18,27.99,63.48,0.880533333333,0.935711619866,0.951302817204
2016-04-19,27.719999,64.120003,0.885960193653,0.93401437384,0.950699123728
2016-04-20,27.57,64.440002,0.885805763074,0.932242112327,0.949856100853
2016-04-21,27.07,65.639999,0.889004149378,0.931111162584,0.948881234372
2016-04-22,27.74,64.0,0.874868559411,0.929411533451,0.94814030835
2016-04-25,27.34,64.760002,0.891765924392,0.928007198763,0.947331411602
2016-04-26,28.02,63.439999,0.885400313972,0.926214060555,0.946646742451
2016-04-27,28.809999,61.52,0.882167280379,0.924554969286,0.94582085679
2016-04-28,27.08,65.120003,0.900253164557,0.923103403514,0.94512955055
2016-04-29,26.18,67.32,0.909763313609,0.921909667426,0.944453259997
2016-05-02,27.879999,63.200001,0.897073662967,0.920552651415,0.943526461629
2016-05-03,26.540001,66.080002,0.90718124084,0.91937189929,0.942631317749
2016-05-04,26.200001,66.919998,0.910886319846,0.918083197216,0.94175944877
2016-05-05,26.25,66.839996,0.908305328853,0.916461144066,0.940965502561
2016-05-06,27.43,63.880001,0.895588235294,0.914677170627,0.940204452378
2016-05-09,28.059999,62.439999,0.894449950446,0.91299580086,0.939630937225
2016-05-10,29.459999,59.360001,0.879672299027,0.911441625033,0.939028843502
2016-05-11,28.4,61.400002,0.896071606166,0.910325580631,0.938478024413
2016-05-12,28.68,60.599998,0.891959798995,0.909345796094,0.937975723088
2016-05-13,27.66,62.68,0.901234567901,0.908558250121,0.937630379853
2016-05-16,28.93,59.919998,0.890790135883,0.907643657405,0.937119987907
2016-05-17,27.67,62.560001,0.902988731014,0.907195261703,0.936751853079
2016-05-18,27.74,62.32,0.905715681485,0.906713680079,0.936312864415
2016-05-19,27.66,62.639999,0.904578313253,0.906026508021,0.935842293095
2016-05-20,28.629999,60.400002,0.888287401575,0.905332173704,0.935241886178
2016-05-23,28.780001,60.119999,0.891891891892,0.90443185755,0.934945772612
2016-05-24,29.98,57.52,0.881775942179,0.90329585059,0.934686821849
2016-05-25,30.5,56.439999,0.878470403353,0.902566400969,0.934309002617
2016-05-26,30.84,55.84,0.874340021119,0.901696874189,0.933918696718
2016-05-27,31.690001,54.360001,0.871260683761,0.900830233603,0.93373757248
2016-05-31,31.75,54.279999,0.873883342091,0.8999406968,0.933497176507
2016-06-01,31.950001,53.880001,0.879873551106,0.899207546297,0.933293499506
2016-06-02,32.82,52.360001,0.872136387853,0.898123256696,0.932962755642
2016-06-03,33.0,52.080002,0.867438190426,0.896981401849,0.932682234373
2016-06-06,33.419998,51.439999,0.871224165342,0.895869256295,0.932410859719
2016-06-07,33.43,51.560001,0.873883342091,0.895199236879,0.932053952967
2016-06-08,33.16,51.84,0.881827731092,0.89452757814,0.93187788619
2016-06-09,32.560001,52.799999,0.886840757808,0.893900956305,0.93172102468
2016-06-10,29.59,57.560001,0.913211186114,0.893866065969,0.931600214886
2016-06-13,25.15,66.080002,0.953356582389,0.894509082467,0.931860785121
2016-06-14,25.690001,64.639999,0.969938107869,0.895566864548,0.932245840358
2016-06-15,25.950001,64.0,0.977150537634,0.896810805012,0.932470554319
2016-06-16,26.67,62.32,0.970642201835,0.897886932912,0.932837166288
2016-06-17,26.629999,62.32,0.965126811594,0.89882086462,0.933037183856
2016-06-20,28.49,57.84,0.949209391471,0.89946155953,0.932962071863
2016-06-21,28.35,58.240002,0.948458574181,0.900064815593,0.932833708994
2016-06-22,27.34,60.279999,0.985507246377,0.901509053502,0.933075966329
2016-06-23,30.049999,54.439999,0.943164362519,0.902331470638,0.932881101426
2016-06-24,22.0,67.32,1.0161358811,0.904308231732,0.933302671653
2016-06-27,21.459999,67.239998,0.997472620051,0.906131914258,0.933611891864
2016-06-28,23.219999,60.400002,0.954309938766,0.907033596798,0.933894677108
2016-06-29,24.33,57.080002,0.927686973749,0.907224192256,0.933903225108
2016-06-30,24.99,55.240002,0.914098029308,0.90749812045,0.933852712791
2016-07-01,25.940001,53.560001,0.902813299233,0.907293512733,0.933786838583
2016-07-05,25.5,54.48,0.912456228114,0.907430369579,0.933941296471
2016-07-06,26.110001,53.200001,0.89731917046,0.907205682657,0.933793803853
2016-07-07,26.52,52.200001,0.90612244898,0.907287663293,0.933912437259
2016-07-08,28.299999,48.84,0.878997867804,0.907101801729,0.933653244276
2016-07-11,28.209999,48.799999,0.886559139785,0.907066790829,0.933263513228
2016-07-12,28.889999,47.720001,0.885057471264,0.906999095834,0.932999350144
2016-07-13,29.379999,47.0,0.883785279469,0.907053294936,0.932659004723
2016-07-14,29.389999,46.959999,0.879645036051,0.906948042309,0.932093817784
2016-07-15,29.469999,46.720001,0.880991735537,0.906867808517,0.931458128797
2016-07-18,30.08,45.919998,0.876598110061,0.906661041195,0.930935970843
2016-07-19,30.030001,45.720001,0.878348214286,0.906719035443,0.930181892652
2016-07-20,30.91,44.599998,0.864501679731,0.906264631365,0.929307060545
2016-07-21,30.01,45.799999,0.872628726287,0.90605177157,0.928633122878
2016-07-22,30.74,44.68,0.868131868132,0.905817848033,0.928127052328
2016-07-25,30.9,44.439999,0.882321041215,0.905518979311,0.927684087805
2016-07-26,31.190001,44.0,0.88551275095,0.905114803266,0.927291045313
2016-07-27,31.9,43.0,0.875475802066,0.904754838918,0.926692555995
2016-07-28,32.48,42.240002,0.873362445415,0.904191192328,0.926210555392
2016-07-29,33.689999,40.720001,0.862416107383,0.903383355453,0.925707367934
2016-08-01,34.240002,40.080002,0.868362831858,0.90271764717,0.925170349062
2016-08-02,32.91,41.560001,0.879291845494,0.902446040673,0.924678783803
2016-08-03,33.650002,40.560001,0.875816993464,0.90213549139,0.924223281341
2016-08-04,34.580002,39.48,0.872293170461,0.902012505914,0.923630325768
2016-08-05,35.779999,38.080002,0.860716316089,0.901423251079,0.922957555474
2016-08-08,36.639999,37.200001,0.864803194524,0.900970641005,0.92209239346
2016-08-09,37.220001,36.560001,0.868390804598,0.90042324495,0.921431877655
2016-08-10,36.34,37.470001,0.876564277588,0.900186147312,0.920870942125
2016-08-11,36.52,37.290001,0.871298405467,0.899657975219,0.919897229016
2016-08-12,36.849998,36.950001,0.866061293984,0.898997068761,0.918810764359
2016-08-15,37.450001,36.34,0.867456288776,0.898378368353,0.917872784406
2016-08-16,36.169998,37.580002,0.881188118812,0.898260046974,0.917328568446
2016-08-17,37.169998,36.580002,0.867523756288,0.89785391138,0.916426591446
2016-08-18,37.549999,35.990002,0.856497175141,0.897432598596,0.915624880349
2016-08-19,37.549999,36.130001,0.85431959345,0.897030085098,0.914478038081
2016-08-22,37.439999,36.27,0.865921787709,0.896889781208,0.913376175013
2016-08-23,37.580002,36.200001,0.86001115449,0.896702289053,0.912191672261
2016-08-24,36.77,36.959999,0.875752599891,0.89673344335,0.911320653422
2016-08-25,36.619999,36.990002,0.88238512035,0.896775302837,0.910617921189
2016-08-26,36.560001,37.110001,0.881650380022,0.896933869373,0.909881314031
2016-08-29,37.299999,36.369999,0.876237623762,0.897080526596,0.909343823963
2016-08-30,37.580002,36.09,0.876435210498,0.897167377348,0.90867441665
2016-08-31,37.439999,36.240002,0.872432432432,0.897143195521,0.907983792829
2016-09-01,37.59,36.09,0.878771551724,0.897092259198,0.907222345797
2016-09-02,38.59,34.799999,0.860362836723,0.896650960513,0.906413346332
2016-09-06,39.990002,33.880001,0.863006100943,0.895814209093,0.905584406265
2016-09-07,40.470001,33.41,0.860077734592,0.89425956163,0.904775674637
2016-09-08,40.380001,33.509998,0.863462588749,0.892484969645,0.904008794404
2016-09-09,33.93,38.889999,0.927586206897,0.891658897466,0.903672526661
2016-09-12,36.209999,36.279999,0.903242677824,0.890535572066,0.903106088218
2016-09-13,31.57,41.080002,0.9375,0.890075125206,0.902651898099
2016-09-14,31.780001,40.889999,0.932530120482,0.889797137356,0.902184587958
2016-09-15,32.82,39.380001,0.912694430507,0.889201068295,0.901633669919
2016-09-16,33.400002,38.91,0.91317671093,0.887995559371,0.901235362334
2016-09-19,34.259998,37.900002,0.911327524346,0.887464945401,0.900890650694
2016-09-20,34.439999,37.639999,0.915521628499,0.885788041191,0.900655815743
2016-09-21,37.009998,34.66,0.889957264957,0.883996118606,0.900265615334
2016-09-22,38.470001,33.560001,0.875824175824,0.882688022557,0.89980000518
2016-09-23,38.119999,33.799999,0.878489326765,0.881868061774,0.899457317538
2016-09-26,35.970001,35.619999,0.909952606635,0.881798971396,0.899292931056
2016-09-27,37.860001,33.709999,0.894994559304,0.881668659064,0.89895417054
2016-09-28,38.380001,33.34,0.88306674021,0.881178834266,0.898641632404
2016-09-29,36.029999,35.389999,0.894011658718,0.88112370907,0.898295637721
2016-09-30,37.459999,34.07,0.887744034707,0.880817402165,0.897881022221
2016-10-03,37.82,33.889999,0.896174863388,0.881103685425,0.897707272106
2016-10-04,37.799999,33.77,0.89852700491,0.881303149844,0.897520707953
2016-10-05,38.189999,33.5,0.893171806167,0.881438388759,0.897320125868
2016-10-06,38.5,33.200001,0.889811738649,0.881538829745,0.897070500457
2016-10-07,38.389999,33.279999,0.894937397931,0.881793702443,0.896877665901
2016-10-10,39.189999,32.540001,0.883656509695,0.881838115346,0.896520750873
2016-10-11,37.049999,34.279999,0.902985074627,0.882277898089,0.896300988162
2016-10-12,36.970001,34.369999,0.900052882073,0.882639642552,0.896048321385
2016-10-13,35.900002,35.41,0.912817851583,0.883444912083,0.896039877016
2016-10-14,36.240002,35.060001,0.91013584117,0.884070030664,0.895959934254
2016-10-17,36.389999,34.889999,0.910844629823,0.884781910025,0.895869311333
2016-10-18,37.98,33.5,0.897136797455,0.885028839296,0.895748192608
2016-10-19,38.810001,32.700001,0.888768898488,0.885083108422,0.895574814648
2016-10-20,39.290001,32.279999,0.883505715841,0.885216940318,0.895421711533
2016-10-21,40.080002,31.57,0.879385964912,0.88531733231,0.895267523901
2016-10-24,41.52,30.450001,0.868186874305,0.885413511758,0.895014939544
2016-10-25,41.099998,30.73,0.875900277008,0.885539135844,0.894793668663
2016-10-26,40.009998,31.469999,0.885558583106,0.885643581471,0.894625607905
2016-10-27,39.349998,32.040001,0.900053163211,0.886047517634,0.89454420759
2016-10-28,37.650002,33.43,0.912769311613,0.886722119986,0.894636983189
2016-10-31,36.93,34.139999,0.928237129485,0.887847466876,0.894866435156
2016-11-01,35.880001,35.110001,0.942655935614,0.889145012561,0.89516727329
2016-11-02,35.0,35.919998,0.953754351069,0.890567738335,0.895605291174
2016-11-03,33.060001,37.880001,0.985714285714,0.892386905137,0.896175326503
2016-11-04,33.0,37.939999,0.985541044776,0.894290949126,0.896637258493
2016-11-07,37.150002,33.189999,0.943347193347,0.895579047449,0.896941824198
2016-11-08,38.139999,32.18,0.939771547248,0.896784301757,0.897106369431
2016-11-09,39.09,31.4,0.89994472084,0.89709691179,0.897077702121
2016-11-10,38.119999,32.16,0.902478448276,0.89767948999,0.897022222538
2016-11-11,38.849998,31.440001,0.893766937669,0.898300652699,0.896972644717
2016-11-14,39.09,31.290001,0.896885069817,0.899010077305,0.897017548105
2016-11-15,40.77,29.940001,0.873544093178,0.89913711573,0.896916776767
2016-11-16,40.450001,30.1,0.879584017515,0.899463330113,0.896853209077
2016-11-17,41.700001,29.23,0.870824053452,0.899381187673,0.896788480545
2016-11-18,41.84,29.059999,0.861265260821,0.899029190014,0.896623847659
2016-11-21,43.740002,27.780001,0.859708193042,0.898663486897,0.896449863859
2016-11-22,43.439999,27.91,0.861875350926,0.898424115684,0.896269005203
2016-11-23,43.400002,27.98,0.863941769317,0.898215891664,0.896196159935
2016-11-25,43.650002,27.82,0.865030674847,0.898092529037,0.896017924938
2016-11-28,43.310001,28.059999,0.88021978022,0.898116666179,0.895983388047
2016-11-29,43.650002,27.879999,0.87651598677,0.898385885346,0.895945712756
2016-11-30,43.52,27.889999,0.882191780822,0.898705646678,0.895825303531
2016-12-01,41.900002,28.959999,0.894313304721,0.899276239513,0.895722303472
2016-12-02,41.849998,28.969999,0.894933333333,0.899800751923,0.895708034608
2016-12-05,44.73,27.030001,0.875138734739,0.898926627387,0.8954944179
2016-12-06,46.060001,26.15,0.867713004484,0.898334466165,0.895206595798
2016-12-07,45.950001,26.219999,0.872112676056,0.897244677432,0.894965311446
2016-12-08,45.700001,26.280001,0.875766016713,0.896298609036,0.894833163322
2016-12-09,46.380001,25.969999,0.861834654587,0.895450946104,0.894615728016
2016-12-12,45.880001,26.17,0.881232492997,0.894918542472,0.894626129309
2016-12-13,45.439999,26.41,0.881032547699,0.894413626195,0.89452586892
2016-12-14,45.66,26.309999,0.886097152429,0.89392321826,0.894486784609
2016-12-15,46.279999,25.969999,0.879888268156,0.893755401647,0.894344475944
2016-12-16,46.970001,25.610001,0.876195835678,0.893761595978,0.894247180609
2016-12-19,48.549999,24.719999,0.871371656232,0.893642968135,0.894036400111
2016-12-20,49.529999,24.25,0.864155251142,0.892879678877,0.893759330575
2016-12-21,50.34,23.83,0.861301369863,0.89231812572,0.893470817619
2016-12-22,49.439999,24.27,0.864330130017,0.892005848883,0.893311102476
2016-12-23,49.59,24.15,0.865002836075,0.891522368506,0.893131842104
2016-12-27,50.43,23.82,0.87074829932,0.891239106249,0.893058324484
2016-12-28,48.509998,24.620001,0.883037694013,0.891020153427,0.893088773089
2016-12-29,47.77,25.0,0.886937431394,0.890826993868,0.893172755824
2016-12-30,46.75,25.51,0.890683898761,0.890785528744,0.893302243924
2017-01-03,50.290001,23.700001,0.875633089477,0.890549217925,0.893313908907
2017-01-04,52.860001,22.48,0.864801864802,0.890046959039,0.893213430998
2017-01-05,52.990002,22.4,0.863182618908,0.889705727526,0.893153739205
2017-01-06,53.669998,22.129999,0.860520094563,0.888997977859,0.893107618566
2017-01-09,53.75,22.040001,0.858568075117,0.888306564409,0.893023244631
2017-01-10,54.169998,21.9,0.857811585723,0.887389793312,0.892916099589
2017-01-11,55.34,21.440001,0.852681202121,0.886432215994,0.892721789395
2017-01-12,55.369999,21.4,0.851138353765,0.885437111393,0.892483773369
2017-01-13,55.279999,21.450001,0.847319347319,0.884606820558,0.892044494443
2017-01-17,55.41,21.389999,0.85329512894,0.884015591065,0.891377418087
2017-01-18,55.549999,21.309999,0.858127512924,0.883592621017,0.890632014121
2017-01-19,55.099998,21.540001,0.864211737629,0.883339717228,0.889879088787
2017-01-20,57.25,20.709999,0.848857644991,0.883017563407,0.889067191742
2017-01-23,57.720001,20.5,0.858323494687,0.882724617035,0.888355169629
2017-01-24,60.450001,19.559999,0.853538461538,0.882190948342,0.887717363429
2017-01-25,61.919998,19.09,0.85329153605,0.881411587889,0.887082916508
2017-01-26,61.52,19.17,0.848164281269,0.880334837383,0.886167296741
2017-01-27,62.330002,18.969999,0.84392350401,0.878929610292,0.885505691018
2017-01-30,60.389999,19.5,0.866506313891,0.87766044993,0.88450816057
2017-01-31,60.75,19.42,0.867065868263,0.876215641883,0.883638782224
2017-02-01,61.93,19.1,0.864488808227,0.874195217259,0.883039974687
2017-02-02,61.259998,19.200001,0.876276276276,0.872374137784,0.882697236704
2017-02-03,62.689999,18.82,0.863552550707,0.871044227073,0.882360266847
2017-02-06,62.549999,18.799999,0.867763558806,0.869844093932,0.882126601911
2017-02-07,62.099998,18.98,0.872871046229,0.869392866022,0.881862700698
2017-02-08,62.349998,18.879999,0.877108433735,0.868970032446,0.881727962453
2017-02-09,63.759998,18.52,0.866666666667,0.868518361263,0.881464923905
2017-02-10,64.639999,18.209999,0.860235003092,0.867907526817,0.88133983814
2017-02-13,66.699997,17.639999,0.859836580767,0.867679068277,0.881161687746
2017-02-14,69.809998,16.879999,0.854274611399,0.867257244842,0.880956468681
2017-02-15,67.160004,17.41,0.869086195723,0.867228280547,0.880858474789
2017-02-16,66.650002,17.5,0.869260204082,0.867361529601,0.880789242576
2017-02-17,66.540001,17.540001,0.868904369854,0.867514799214,0.880708660138
2017-02-21,65.860001,17.76,0.878048780488,0.867784356374,0.880718331274
2017-02-22,65.720001,17.84,0.885538461538,0.868144301244,0.880766266256
2017-02-23,63.889999,18.280001,0.891172914148,0.868580005232,0.880944074485
2017-02-24,64.519997,18.09,0.884892086331,0.868657877001,0.881025830219
2017-02-27,65.019997,17.98,0.897111913357,0.869001142444,0.88121903052
2017-02-28,63.299999,18.42,0.901474926254,0.869322528201,0.881346723087
2017-03-01,64.660004,18.049999,0.894103489771,0.869319031285,0.881403994679
2017-03-02,64.690002,18.059999,0.888153938665,0.869206041374,0.88148851559
2017-03-03,66.419998,17.540001,0.877538461538,0.869246036821,0.881516355698
2017-03-06,67.699997,17.209999,0.878676470588,0.869428761256,0.881624758119
2017-03-07,67.709999,17.209999,0.879731379731,0.869555739651,0.881700548438
2017-03-08,67.209999,17.309999,0.886045094455,0.869727057613,0.881745570098
2017-03-09,67.550003,17.26,0.889290012034,0.870184646904,0.881835390222
2017-03-10,68.419998,17.01,0.880587875077,0.870173903272,0.881890688252
2017-03-13,69.989998,16.67,0.882606023356,0.870200127866,0.882036619634
2017-03-14,68.559998,16.959999,0.892073170732,0.870299728171,0.882218419476
2017-03-15,71.25,16.34,0.880347179169,0.870307376688,0.882298128639
2017-03-16,72.650002,16.0,0.873257287706,0.870258400888,0.88227608204
2017-03-17,73.580002,15.81,0.878233438486,0.870372763926,0.882322315594
2017-03-20,73.400002,15.81,0.876418663304,0.870577154129,0.882391364722
2017-03-21,70.650002,16.4,0.889835666464,0.871052725739,0.882540560574
2017-03-22,70.269997,16.49,0.89512195122,0.871565922759,0.88263345279
2017-03-23,67.760002,17.08,0.902542372881,0.872191581706,0.882866910234
2017-03-24,69.160004,16.77,0.893734643735,0.872574687446,0.883115160024
2017-03-27,70.589996,16.440001,0.889931207004,0.872689579329,0.883352570781
2017-03-28,74.400002,15.54,0.888311688312,0.872712483611,0.883501836785
2017-03-29,74.760002,15.45,0.884134298881,0.872603323613,0.883662657748
2017-03-30,74.489998,15.52,0.886017229954,0.872776392621,0.883731088615
2017-03-31,73.029999,15.79,0.891803278689,0.873226416186,0.883793876337
2017-04-03,72.620003,15.85,0.895219384414,0.873760362277,0.883884336367
2017-04-04,73.540001,15.68,0.894912985274,0.874333577123,0.884008838777
2017-04-05,71.089996,16.17,0.913915857605,0.875256040164,0.884258709757
2017-04-06,72.300003,15.89,0.902842035691,0.876006547664,0.884461440446
2017-04-07,69.669998,16.450001,0.910621761658,0.876972223656,0.884673775179
2017-04-10,67.260002,17.07,0.921036007581,0.878137184553,0.885078262984
2017-04-11,64.050003,17.84,0.936380481779,0.879621536794,0.885567425523
2017-04-12,64.019997,17.92,0.937998772253,0.881033264182,0.886086899108
2017-04-13,62.759998,18.26,0.950512975256,0.882573021888,0.886667235018
2017-04-17,65.839996,17.360001,0.925280199253,0.883590829582,0.886651861633
2017-04-18,66.290001,17.209999,0.921348314607,0.884799007408,0.886772565879
2017-04-19,64.699997,17.610001,0.930289944479,0.885998448238,0.886724498842
2017-04-20,66.389999,17.16,0.921954314721,0.887138712458,0.88665399347
2017-04-21,66.260002,17.200001,0.925925925926,0.888349285623,0.88674220344
2017-04-24,73.260002,15.37,0.876358695652,0.888819192529,0.886496750004
2017-04-25,75.029999,15.03,0.878932968536,0.889402683604,0.886280786299
2017-04-26,74.360001,15.15,0.878808395396,0.889607718296,0.886036031412
2017-04-27,75.089996,15.01,0.87074829932,0.889669092147,0.885907971641
2017-04-28,75.089996,15.01,0.877204884668,0.889881026754,0.885917176366
2017-05-01,78.040001,14.45,0.872237569061,0.889813714968,0.885875497982
2017-05-02,77.709999,14.46,0.87517053206,0.89000734799,0.885643617485
2017-05-03,76.190002,14.78,0.880295897781,0.890216220306,0.885545626408
2017-05-04,78.110001,14.37,0.87219578518,0.890204965956,0.885473153374
2017-05-05,77.629997,14.45,0.877133105802,0.890205377157,0.885360629688
2017-05-08,79.489998,14.09,0.859972677596,0.890093810672,0.885175487307
2017-05-09,79.860001,14.05,0.863451086957,0.89014741207,0.884957328798
2017-05-10,79.599998,14.1,0.867607526882,0.890276927838,0.884751198944
2017-05-11,79.82,14.08,0.867911941294,0.89050421667,0.884582799845
2017-05-12,79.849998,14.04,0.858940397351,0.890335120031,0.884376990903
2017-05-15,81.510002,13.79,0.85370741483,0.890075906876,0.884102124349
2017-05-16,82.400002,13.6,0.845023380094,0.88967789038,0.883844570152
2017-05-17,67.709999,16.1,0.928571428571,0.890519934515,0.884015145845
2017-05-18,69.239998,15.74,0.911693057247,0.890955844444,0.884092747013
2017-05-19,73.669998,14.64,0.866409762364,0.890543125247,0.883783359751
2017-05-22,76.900002,13.98,0.849836065574,0.889958858235,0.883381361247
2017-05-23,77.0,13.96,0.85092348285,0.889189051059,0.882981886934
2017-05-24,78.949997,13.58,0.844966442953,0.888247243004,0.882634084571
2017-05-25,78.160004,13.7,0.844129554656,0.887414344086,0.882336488945
2017-05-26,79.540001,13.46,0.838274932615,0.886583027318,0.88203495039
2017-05-30,80.0,13.39,0.847638057219,0.886084687246,0.881823297672
2017-05-31,79.309998,13.48,0.845381526104,0.885529771505,0.881671262018
2017-06-01,81.330002,13.18,0.83749157114,0.884825774695,0.881415203978
2017-06-02,81.050003,13.21,0.837365591398,0.884014449644,0.881093917367
2017-06-05,80.699997,13.28,0.852122015915,0.883394983042,0.880774376385
2017-06-06,78.940002,13.56,0.854901960784,0.882966884471,0.880388594046
2017-06-07,79.739998,13.4,0.857236411264,0.882544057602,0.879915255925
2017-06-08,81.519997,13.13,0.850099933378,0.881844503646,0.87929821591
2017-06-09,80.360001,13.31,0.854317732367,0.881410679533,0.878635305119
2017-06-12,79.440002,13.46,0.868146214099,0.881325494973,0.877851517974
2017-06-13,82.25,12.99,0.850935828877,0.880870534813,0.876954149868
2017-06-14,82.610001,12.92,0.854752342704,0.880509429469,0.876363517531
2017-06-15,81.629997,13.09,0.856668878567,0.879956649671,0.87580949974
2017-06-16,82.43,12.99,0.854741089442,0.879283635308,0.875508142197
2017-06-19,84.889999,12.58,0.855762594893,0.878503972342,0.875196703174
2017-06-20,82.709999,12.91,0.865620736698,0.878035407225,0.875009061835
2017-06-21,83.459999,12.79,0.866259334691,0.877640876019,0.874804890267
2017-06-22,84.309998,12.66,0.861433447099,0.877192905332,0.874724152627
2017-06-23,85.199997,12.54,0.853002070393,0.876674034858,0.874546939646
2017-06-26,87.029999,12.27,0.859243697479,0.876227809316,0.874469737273
2017-06-27,84.089996,12.67,0.876860622463,0.875978765046,0.87457370635
2017-06-28,86.470001,12.33,0.858725761773,0.875370538002,0.874567156808
2017-06-29,82.169998,12.93,0.88373655914,0.875184264233,0.874712898196
2017-06-30,83.459999,12.76,0.884253028264,0.874689883744,0.874848306589
2017-07-03,82.300003,12.9,0.889705882353,0.874470947855,0.875012807973
2017-07-05,82.400002,12.91,0.890896921017,0.874142200511,0.875083988911
2017-07-06,78.290001,13.57,0.91149870801,0.873983245518,0.875317207053
2017-07-07,80.910004,13.08,0.894771674388,0.873289765395,0.87540107301
2017-07-10,82.900002,12.76,0.895973154362,0.87258933843,0.875412138674
2017-07-11,83.330002,12.71,0.892808683853,0.87162760024,0.875397974345
2017-07-12,85.620003,12.39,0.882596685083,0.870916208337,0.875447694014
2017-07-13,86.559998,12.23,0.876396648045,0.870167013895,0.875505584971
2017-07-14,88.190002,12.01,0.872947894361,0.869211313059,0.875511153093
2017-07-17,90.519997,11.7,0.874643874644,0.868422805725,0.875503672146
2017-07-18,91.540001,11.54,0.872507122507,0.867532492334,0.875574821932
2017-07-19,92.620003,11.44,0.862688713156,0.867304659293,0.875451196733
2017-07-20,93.470001,11.34,0.86618705036,0.867092227323,0.87535222675
2017-07-21,94.25,11.2,0.868250539957,0.866916263066,0.875233249334
2017-07-24,95.940002,11.01,0.871201157742,0.866923810706,0.875175335265
2017-07-25,95.540001,11.06,0.876363636364,0.866909789901,0.875176453936
2017-07-26,95.379997,11.1,0.878172588832,0.867008706897,0.875221793486
2017-07-27,94.739998,11.17,0.895457822639,0.867346828407,0.875430477296
2017-07-28,93.620003,11.29,0.901146131805,0.867694332307,0.875696109043
2017-07-31,94.370003,11.23,0.894548063128,0.868066870273,0.87589756193
2017-08-01,95.589996,11.05,0.901162790698,0.868467365021,0.876138628294
2017-08-02,95.089996,11.13,0.902298850575,0.869172801238,0.876348965303
2017-08-03,93.82,11.27,0.90035335689,0.86978783907,0.876464403055
2017-08-04,94.290001,11.19,0.894736842105,0.870239994324,0.876516399127
2017-08-07,95.349998,11.09,0.89406779661,0.870675925246,0.876538958446
2017-08-08,92.75,11.41,0.904109589041,0.871428745107,0.876728801776
2017-08-09,90.339996,11.7,0.905977165883,0.872299907625,0.877003303783
2017-08-10,78.18,13.29,0.968339307049,0.874355173074,0.877704348371
