Date,Open,High,Low,Close,Adj Close,Volume
04/10/2011,4.93625,5.2625,4.9125,5.2625,5.2625,162400
05/10/2011,5.44125,5.705,5.43125,5.67375,5.67375,71200
06/10/2011,5.67875,5.79125,5.6,5.79125,5.79125,44800
07/10/2011,5.89875,5.89875,5.5975,5.83625,5.83625,145600
10/10/2011,5.9375,6.075,5.925,6.075,6.075,120000
11/10/2011,6.03125,6.20625,6.03,6.1575,6.1575,131200
12/10/2011,6.395,6.6875,6.375,6.58625,6.58625,110400
13/10/2011,6.5,6.53375,6.3675,6.53375,6.53375,116800
14/10/2011,6.92375,6.9725,6.75125,6.96875,6.96875,105600
17/10/2011,6.8625,6.86375,6.2025,6.2025,6.2025,84800
18/10/2011,6.1875,6.53375,6.03625,6.4175,6.4175,83200
19/10/2011,6.4725,6.47625,5.90125,5.99,5.99,158400
20/10/2011,5.95625,5.95625,5.73125,5.93875,5.93875,82400
21/10/2011,6.16,6.23125,6.0825,6.23125,6.23125,60000
24/10/2011,6.3675,6.6325,6.3675,6.6325,6.6325,82400
25/10/2011,6.52875,6.52875,6.18125,6.1825,6.1825,147200
26/10/2011,6.4125,6.43875,6.105,6.39,6.39,179200
27/10/2011,7.0875,7.31875,6.95625,7.22875,7.22875,255200
28/10/2011,7.10375,7.3475,7.0725,7.3475,7.3475,184800
31/10/2011,6.97,7.02,6.555,6.555,6.555,381600
01/11/2011,5.55,5.81625,5.38375,5.57875,5.57875,1083200
02/11/2011,5.80875,5.81,5.585,5.76375,5.76375,177600
03/11/2011,5.93,6.055,5.57875,6.045,6.045,497600
04/11/2011,5.88125,6.025,5.69125,5.92625,5.92625,428800
07/11/2011,5.87875,5.97,5.7525,5.965,5.965,164800
08/11/2011,6.05625,6.25125,5.88375,6.25125,6.25125,293600
09/11/2011,5.77625,5.82875,5.0275,5.0525,5.0525,554400
10/11/2011,5.3425,5.375,5.09,5.3625,5.3625,391200
11/11/2011,5.575,5.65375,5.55375,5.59375,5.59375,589600
14/11/2011,5.5175,5.51875,5.3575,5.455,5.455,204000
15/11/2011,5.35625,5.555,5.31375,5.51125,5.51125,966400
16/11/2011,5.33375,5.535,5.21875,5.24875,5.24875,699200
17/11/2011,5.19625,5.23375,4.89625,4.99625,4.99625,1687200
18/11/2011,5.125,5.1625,4.99375,5.15625,5.15625,1727200
21/11/2011,4.88375,5.12875,4.875,5.105,5.105,949600
22/11/2011,5.05375,5.21375,5.03,5.20875,5.20875,831200
23/11/2011,5.095,5.1175,4.9625,4.9725,4.9725,1167200
25/11/2011,4.9675,5.05,4.89,4.90625,4.90625,276800
28/11/2011,5.22875,5.245,5.0825,5.12625,5.12625,588000
29/11/2011,5.1775,5.25875,5.11125,5.2225,5.2225,543200
30/11/2011,5.5775,5.7025,5.5375,5.7025,5.7025,707200
01/12/2011,5.6925,5.86875,5.67875,5.81875,5.81875,900800
02/12/2011,5.99,6.08625,5.84,5.845,5.845,747200
05/12/2011,6.06125,6.07625,5.8025,5.8525,5.8525,455200
06/12/2011,5.84875,5.95375,5.82625,5.87625,5.87625,381600
07/12/2011,5.8075,5.8075,5.55625,5.695,5.695,647200
08/12/2011,5.5375,5.585,5.38125,5.435,5.435,742400
09/12/2011,5.49875,5.815,5.49875,5.8075,5.8075,926400
12/12/2011,5.67,5.765,5.55375,5.765,5.765,948000
13/12/2011,5.93375,6.01375,5.68625,5.7775,5.7775,1096800
14/12/2011,5.7875,5.8775,5.66625,5.78,5.78,1020000
15/12/2011,6.0075,6.07,5.93,5.995,5.995,818400
16/12/2011,6.19625,6.2025,5.9625,6.04375,6.04375,624800
19/12/2011,6.0975,6.2225,6.04625,6.0875,6.0875,628000
20/12/2011,6.37,6.48625,6.32,6.465,6.465,1179200
21/12/2011,6.555,6.915,6.43125,6.905,6.905,1045600
22/12/2011,7.05625,7.1875,6.8025,6.8725,6.8725,962400
23/12/2011,6.96375,6.98125,6.6625,6.7125,6.7125,392800
27/12/2011,6.70375,6.82125,6.70375,6.75375,6.75375,302400
28/12/2011,6.7975,6.7975,6.465,6.465,6.465,104000
29/12/2011,6.57625,6.64375,6.57,6.62875,6.62875,68000
30/12/2011,6.6375,6.66,6.535,6.535,6.535,105600
03/01/2012,6.8275,6.9,6.79625,6.86125,6.86125,210400
04/01/2012,6.78625,6.99375,6.7025,6.98875,6.98875,169600
05/01/2012,6.84875,7.15375,6.82375,7.15375,7.15375,137600
06/01/2012,7.20875,7.3325,7.07375,7.27,7.27,153600
09/01/2012,7.32875,7.3925,7.2775,7.37,7.37,56800
10/01/2012,7.58,7.64875,7.50125,7.5125,7.5125,118400
11/01/2012,7.43875,7.45875,7.37375,7.385,7.385,139200
12/01/2012,7.42125,7.50375,7.16,7.4875,7.4875,106400
13/01/2012,7.29375,7.31,7.07125,7.2975,7.2975,224800
17/01/2012,7.54875,7.66,7.325,7.35875,7.35875,491200
18/01/2012,7.395,7.63,7.33875,7.6225,7.6225,236000
19/01/2012,7.7425,7.83125,7.6725,7.83125,7.83125,210400
20/01/2012,7.78375,8.0675,7.77,8.06625,8.06625,248000
23/01/2012,8.07625,8.31125,8.07125,8.2675,8.2675,1169600
24/01/2012,8.055,8.27375,8.03375,8.22625,8.22625,757600
25/01/2012,8.2225,8.61375,8.1575,8.5975,8.5975,358400
26/01/2012,8.79125,8.79125,8.4575,8.5625,8.5625,153600
27/01/2012,8.455,8.77875,8.455,8.7775,8.7775,34400
30/01/2012,8.40375,8.59,8.38875,8.5,8.5,531200
31/01/2012,8.70875,8.7375,8.415,8.515,8.515,137600
01/02/2012,8.68125,8.80875,8.63625,8.73125,8.73125,98400
02/02/2012,8.8825,8.995,8.855,8.995,8.995,68800
03/02/2012,9.36875,9.4775,9.2775,9.4775,9.4775,720800
06/02/2012,9.41125,9.58125,9.3625,9.57125,9.57125,221600
07/02/2012,9.56625,9.57125,9.36875,9.50125,9.50125,345600
08/02/2012,9.51875,9.54,9.235,9.29625,9.29625,400000
09/02/2012,9.2375,9.24,8.82375,8.82375,8.82375,176800
10/02/2012,8.34,8.4375,7.59,8.0275,8.0275,791200
13/02/2012,8.535,8.71,8.42125,8.71,8.71,220800
14/02/2012,8.5625,8.5625,7.87875,8.41625,8.41625,1400800
15/02/2012,8.25875,8.31625,7.885,7.92375,7.92375,1961600
16/02/2012,7.75,8.2275,7.61875,8.2125,8.2125,1170400
17/02/2012,8.3425,8.42875,8.125,8.335,8.335,478400
21/02/2012,8.43375,8.43375,8.2225,8.34125,8.34125,210400
22/02/2012,8.29375,8.59,8.29375,8.55875,8.55875,774400
23/02/2012,8.57,9.15125,8.53,9.125,9.125,392000
24/02/2012,9.27875,9.31125,8.7325,8.77625,8.77625,384000
27/02/2012,8.475,8.9725,8.45125,8.70625,8.70625,299200
28/02/2012,8.6075,8.83,8.58,8.795,8.795,224800
29/02/2012,8.94875,9.115,8.74,8.9325,8.9325,1027200
01/03/2012,9.0125,9.15625,8.9725,9.10625,9.10625,832000
02/03/2012,9.1175,9.16875,8.9575,9.045,9.045,1094400
05/03/2012,8.97,9.1125,8.88125,9.0625,9.0625,1298400
06/03/2012,8.47625,8.6675,8.27625,8.35125,8.35125,1982400
07/03/2012,8.455,8.76875,8.405,8.75625,8.75625,1876000
08/03/2012,8.96375,9.1425,8.93125,9.09,9.09,1002400
09/03/2012,9.21375,9.45,9.205,9.2725,9.2725,1170400
12/03/2012,9.39375,9.725,9.37375,9.6925,9.6925,1580800
13/03/2012,9.98,10.2125,9.8975,10.15,10.15,1924800
14/03/2012,10.2125,10.23375,9.545,9.79875,9.79875,1841600
15/03/2012,9.69625,9.9425,9.61375,9.9275,9.9275,1764000
16/03/2012,9.99,10.08125,9.85,9.955,9.955,1118400
19/03/2012,10.0275,10.625,9.98,10.56625,10.56625,1947200
20/03/2012,10.2875,11.0425,10.205,11.0425,11.0425,2720800
21/03/2012,11.2575,11.7075,11.1075,11.575,11.575,1013600
22/03/2012,11.055,11.56125,10.83625,11.4175,11.4175,2808800
23/03/2012,11.5075,12.27625,11.30875,12.215,12.215,2283200
26/03/2012,12.6875,13.43875,12.68375,13.37625,13.37625,2321600
27/03/2012,13.12375,13.2025,11.99875,12.06125,12.06125,2680000
28/03/2012,12.02625,12.20375,10.8775,11.90875,11.90875,3420800
29/03/2012,11.19,12.08875,11.1875,11.98125,11.98125,4535200
30/03/2012,12.485,12.485,11.99375,12.26625,12.26625,2100800
02/04/2012,12.16375,12.715,12.1525,12.27625,12.27625,1370400
03/04/2012,12.34625,12.435,11.70625,12.05875,12.05875,1470400
04/04/2012,11.44375,11.89125,11.1625,11.775,11.775,1706400
05/04/2012,11.495,11.82375,11.435,11.50625,11.50625,1119200
09/04/2012,10.84125,11.25625,10.80625,10.80625,10.80625,1599200
10/04/2012,10.745,10.89,9.92125,9.92875,9.92875,3101600
11/04/2012,10.45625,10.55875,10.1375,10.17625,10.17625,2422400
12/04/2012,10.32875,11.1125,10.275,11.0725,11.0725,2169600
13/04/2012,11.075,11.085,10.2375,10.3875,10.3875,3493600
16/04/2012,10.75375,10.85125,10.2675,10.55,10.55,2366400
17/04/2012,10.91375,11.2525,10.8875,11.125,11.125,2501600
18/04/2012,11.005,11.2375,10.8025,10.92625,10.92625,2022400
19/04/2012,10.97125,11.18875,10.535,10.845,10.845,2418400
20/04/2012,11.0825,11.3125,11.08,11.19875,11.19875,1588000
23/04/2012,10.63125,10.8825,10.38625,10.835,10.835,1666400
24/04/2012,10.86875,11.0775,10.8,11.0775,11.0775,962400
25/04/2012,11.535,11.7925,11.285,11.77,11.77,1524000
26/04/2012,11.74375,12.27125,11.68375,12.1675,12.1675,880000
27/04/2012,12.2375,12.31,11.9775,12.195,12.195,539200
30/04/2012,12.0475,12.11875,11.855,11.92125,11.92125,792000
01/05/2012,11.95375,12.42125,11.915,12.275,12.275,841600
02/05/2012,12.025,12.295,11.915,12.185,12.185,672000
03/05/2012,12.29375,12.36875,11.79,11.92625,11.92625,360000
04/05/2012,11.81,11.82,11.20875,11.3925,11.3925,1464800
07/05/2012,11.12875,11.665,11.07,11.5525,11.5525,952000
08/05/2012,11.3075,11.5025,10.705,11.455,11.455,2132800
09/05/2012,10.885,11.3425,10.67,11,11,2953600
10/05/2012,11.315,11.48,11.18625,11.3525,11.3525,1551200
11/05/2012,11.045,11.53,11.0125,11.17,11.17,1088000
14/05/2012,10.695,10.8275,10.48625,10.51,10.51,2299200
15/05/2012,10.45,10.63875,9.955,10,10,2112000
16/05/2012,10.12625,10.29,9.60375,9.6275,9.6275,2184800
17/05/2012,9.71625,9.82,9.165,9.165,9.165,1665600
18/05/2012,9.215,9.26125,8.405,8.55,8.55,3050400
21/05/2012,8.59,9.47625,8.475,9.47625,9.47625,3096800
22/05/2012,9.59,9.98625,8.805,9.095,9.095,4504800
23/05/2012,8.885,9.3725,8.59375,9.27,9.27,5280000
24/05/2012,9.36,9.39,8.855,9.1875,9.1875,2651200
25/05/2012,9.215,9.35125,9.155,9.30375,9.30375,1385600
29/05/2012,9.565,9.7875,9.40625,9.7275,9.7275,1484800
30/05/2012,9.4675,9.4675,9.0725,9.0725,9.0725,1566400
31/05/2012,8.9575,9.20125,8.5,8.9,8.9,5666400
01/06/2012,8.2475,8.49375,8.1425,8.16375,8.16375,4696000
04/06/2012,8.34125,8.515,8.05875,8.51375,8.51375,3748800
05/06/2012,8.41,8.73875,8.40875,8.675,8.675,2571200
06/06/2012,8.9575,9.32625,8.88875,9.3175,9.3175,4217600
07/06/2012,9.745,9.79,9.35625,9.41375,9.41375,3388800
08/06/2012,9.34375,9.93125,9.30375,9.91625,9.91625,2825600
11/06/2012,10.28125,10.33375,9.0175,9.055,9.055,4374400
12/06/2012,9.07875,9.2275,8.78375,9.17,9.17,4312000
13/06/2012,8.9325,9.18875,8.5375,8.69125,8.69125,3388000
14/06/2012,8.76125,9.24875,8.625,9.24875,9.24875,4307200
15/06/2012,9.30625,9.74375,9.1875,9.615,9.615,2681600
18/06/2012,9.67875,10.4675,9.58125,10.43375,10.43375,4520000
19/06/2012,10.7925,10.84,10.46375,10.62,10.62,2741600
20/06/2012,10.62625,11.06125,10.22875,11.06125,11.06125,3924800
21/06/2012,11.02625,11.1425,9.73,9.73,9.73,3211200
22/06/2012,10.11375,10.8275,9.935,10.76,10.76,2529600
25/06/2012,10.11,10.17875,9.87125,9.96625,9.96625,4256800
26/06/2012,10.2825,10.41625,9.8875,10.29,10.29,3820800
27/06/2012,10.435,10.5825,10.19,10.195,10.195,2592000
28/06/2012,10.08125,10.54625,9.9,10.5175,10.5175,2498400
29/06/2012,11.13875,11.2875,10.9875,11.22875,11.22875,4128000
02/07/2012,11.455,11.98125,11.3225,11.93875,11.93875,2507200
03/07/2012,12.01125,12.35625,11.995,12.17875,12.17875,1488000
05/07/2012,12.10625,12.10625,11.57625,11.73,11.73,2100000
06/07/2012,11.37875,11.8625,11.3675,11.81125,11.81125,1902400
09/07/2012,11.915,12.055,11.6475,11.93,11.93,1779200
10/07/2012,12.12125,12.2625,11.37375,11.59875,11.59875,2337600
11/07/2012,11.61625,12.06,11.41875,11.94375,11.94375,1875200
12/07/2012,11.66375,12.1075,11.385,11.82875,11.82875,2760000
13/07/2012,12.0275,12.535,12.015,12.52125,12.52125,3014400
16/07/2012,12.5525,12.79375,12.395,12.66125,12.66125,2317600
17/07/2012,12.89875,13.2175,12.51625,13.115,13.115,3762400
18/07/2012,13.0575,13.315,12.89375,12.97375,12.97375,2680000
19/07/2012,13.08125,13.2725,12.78125,13.26875,13.26875,1272000
20/07/2012,12.875,13.04625,12.4375,12.5625,12.5625,1810400
23/07/2012,11.565,11.98125,11.12875,11.68625,11.68625,1891200
24/07/2012,11.73875,11.745,10.8875,11.2425,11.2425,2348800
25/07/2012,11.2975,11.53875,10.89375,11.35375,11.35375,2803200
26/07/2012,12.0575,12.26375,11.835,12.235,12.235,2455200
27/07/2012,12.7325,12.78125,12.40625,12.5325,12.5325,1960000
30/07/2012,12.64,12.7925,12.24875,12.27125,12.27125,2301600
31/07/2012,12.00625,12.2625,11.9,11.9075,11.9075,1586400
01/08/2012,12.13125,12.32,11.8875,12.165,12.165,3452800
02/08/2012,11.84875,12.4375,11.76375,12.4375,12.4375,3147200
03/08/2012,12.91625,13.3075,12.83875,13.3075,13.3075,2534400
06/08/2012,13.4975,13.74375,13.41,13.61125,13.61125,1572800
07/08/2012,13.8125,13.8875,13.1925,13.2125,13.2125,1808000
08/08/2012,13.24375,13.7675,13.14875,13.75125,13.75125,1176800
09/08/2012,13.635,13.9475,13.515,13.80625,13.80625,1238400
10/08/2012,13.6575,14.06125,13.55875,14.0525,14.0525,1799200
13/08/2012,14.0075,14.43625,13.95625,14.43625,14.43625,4881600
14/08/2012,14.38875,14.465,13.67375,13.69,13.69,1869600
15/08/2012,13.6975,14.03375,13.61125,13.6925,13.6925,693600
16/08/2012,13.75375,13.9725,13.5125,13.96625,13.96625,538400
17/08/2012,14.10125,14.47,13.94125,14.3375,14.3375,1092000
20/08/2012,14.2125,14.37875,13.98,14.34875,14.34875,1150400
21/08/2012,14.5275,14.57375,13.82625,13.96,13.96,1624800
22/08/2012,13.71125,13.96875,13.58125,13.8575,13.8575,1369600
23/08/2012,13.75375,13.8025,13.385,13.56875,13.56875,1468000
24/08/2012,13.4175,14.22,13.38625,14.10875,14.10875,1446400
27/08/2012,14.24875,14.36125,13.9875,14.02875,14.02875,1049600
28/08/2012,13.78875,14.0175,13.73125,13.765,13.765,915200
29/08/2012,13.78125,14.06375,13.67375,13.6975,13.6975,1656000
30/08/2012,13.385,13.57625,13.27,13.415,13.415,1492800
31/08/2012,13.625,13.9175,13.3425,13.81625,13.81625,1385600
04/09/2012,13.77375,13.97125,13.54,13.95875,13.95875,1432800
05/09/2012,13.99375,14.385,13.99375,14.30875,14.30875,396800
06/09/2012,14.635,15.8225,14.635,15.8225,15.8225,2371200
07/09/2012,16.133751,16.754999,16.0725,16.715,16.715,2332800
10/09/2012,16.44375,16.946251,15.69,15.76375,15.76375,2732800
11/09/2012,15.77625,16.196251,15.58375,15.835,15.835,2266400
12/09/2012,16.13125,16.311251,15.74625,16.25,16.25,1771200
13/09/2012,16.233749,17.540001,15.9425,17.43,17.43,2788800
14/09/2012,17.772499,18.0525,16.73625,16.8325,16.8325,3025600
17/09/2012,16.525,16.921249,16.51375,16.918751,16.918751,1929600
18/09/2012,16.827499,17.4175,16.65,17.362499,17.362499,2216800
19/09/2012,17.6875,17.731251,17.295,17.3925,17.3925,2570400
20/09/2012,17.231251,17.5825,16.96125,17.565001,17.565001,3084800
21/09/2012,17.545,17.915001,17.385,17.671249,17.671249,2898400
24/09/2012,17.471251,18.07625,17.393749,17.908751,17.908751,2852800
25/09/2012,18.115,18.1325,16.526251,16.57,16.57,3509600
26/09/2012,16.25625,16.48,15.5675,15.9075,15.9075,2968000
27/09/2012,16.477501,17.4175,16.2075,17.36875,17.36875,3378400
28/09/2012,16.96875,17.401251,16.688749,16.842501,16.842501,3326400
01/10/2012,17.254999,17.715,16.598749,16.682501,16.682501,3069600
02/10/2012,16.89625,17.040001,16.445,17.016251,17.016251,1716000
03/10/2012,17,17.280001,16.5825,17.078751,17.078751,1817600
04/10/2012,17.219999,17.49625,17.102501,17.487499,17.487499,6960000
05/10/2012,18.040001,18.217501,17.5,17.717501,17.717501,2464000
08/10/2012,17.475,17.692499,17.3375,17.52,17.52,780800
09/10/2012,17.485001,17.5625,16.665001,16.7575,16.7575,1497200
10/10/2012,16.945,17.045,16.57,16.9475,16.9475,1281600
11/10/2012,17.1975,17.389999,17.0525,17.110001,17.110001,1004800
12/10/2012,17.459999,17.612499,16.9125,17,17,1397600
15/10/2012,17.145,17.6175,16.805,17.58,17.58,1719200
16/10/2012,17.877501,18.0625,17.737499,17.9725,17.9725,1372800
17/10/2012,17.9825,18.305,17.7925,18.2125,18.2125,1608400
18/10/2012,18.0825,18.469999,17.955,18.237499,18.237499,1837600
19/10/2012,18.084999,18.084999,16.879999,17.09,17.09,3644400
22/10/2012,17.137501,17.309999,16.625,17.309999,17.309999,2071600
23/10/2012,16.33,16.440001,15.7,15.92,15.92,2218800
24/10/2012,16.094999,16.129999,15.6725,15.785,15.785,1938000
25/10/2012,16.327499,16.407499,15.805,16.192499,16.192499,1384000
26/10/2012,16.205,16.485001,15.8075,16.235001,16.235001,1385200
31/10/2012,16.575001,16.605,15.7625,15.8875,15.8875,1339200
01/11/2012,16.08,17.184999,16.035,17.17,17.17,1663600
02/11/2012,17.387501,17.4475,16.635,16.719999,16.719999,1607200
05/11/2012,16.467501,16.57,15.9775,16.397499,16.397499,1805200
06/11/2012,16.522499,17.145,16.3675,16.965,16.965,1677600
07/11/2012,16.5425,16.6625,15.41,15.615,15.615,3394800
08/11/2012,15.6375,15.9775,15.415,15.4825,15.4825,3148800
09/11/2012,15.325,15.9875,15.3,15.4925,15.4925,2507200
12/11/2012,15.66,16.535,15.66,16.4925,16.4925,1809600
13/11/2012,16.105,16.885,16,16.4575,16.4575,2097200
14/11/2012,16.93,16.9725,15.625,15.9,15.9,2247200
15/11/2012,15.905,16.1875,15.2425,15.7275,15.7275,2356000
16/11/2012,15.92,16.4825,15.3625,16.455,16.455,2913200
19/11/2012,17.0375,17.879999,17.022499,17.865,17.865,2532000
20/11/2012,18.0625,18.202499,17.752501,18.155001,18.155001,2145600
21/11/2012,18.205,18.5175,17.860001,18.035,18.035,1630000
23/11/2012,18.467501,18.8225,18.309999,18.8225,18.8225,1062000
26/11/2012,18.495001,18.997499,18.389999,18.977501,18.977501,1922000
27/11/2012,19.1,19.25,18.502501,18.557501,18.557501,1638000
28/11/2012,18.2425,19.115,17.862499,19.0625,19.0625,2033200
29/11/2012,19.365,19.4375,18.897499,19.32,19.32,1111600
30/11/2012,19.502501,19.502501,18.775,18.942499,18.942499,1437600
03/12/2012,19.4725,19.497499,18.5275,18.59,18.59,1367600
04/12/2012,18.450001,18.684999,17.985001,18.24,18.24,1467600
05/12/2012,18.25,18.627501,17.844999,18.5425,18.5425,1504400
06/12/2012,18.545,18.602501,18.1675,18.327499,18.327499,1081200
07/12/2012,18.6075,18.9925,18.202499,18.9575,18.9575,1092400
10/12/2012,18.790001,18.92,18.577499,18.727501,18.727501,645600
11/12/2012,18.9475,19.360001,18.877501,19.342501,19.342501,1149200
12/12/2012,19.424999,19.530001,18.805,18.862499,18.862499,1234400
13/12/2012,18.8925,18.9925,18.205,18.502501,18.502501,1420400
14/12/2012,18.4,18.5,18.139999,18.379999,18.379999,1152400
17/12/2012,18.307501,19.012501,18.280001,19,19,1246800
18/12/2012,19.3025,19.8475,19.192499,19.709999,19.709999,2393600
19/12/2012,19.7325,19.7325,18.5375,18.540001,18.540001,3339600
20/12/2012,18.6,18.7225,18,18.112499,18.112499,2228400
21/12/2012,16.639999,17.217501,16.5525,16.924999,16.924999,4007200
24/12/2012,17.235001,17.309999,17.012501,17.237499,17.237499,984800
26/12/2012,16.967501,17,16.2925,16.3125,16.3125,2283200
27/12/2012,16.327499,16.5,15.29,16.3025,16.3025,4664800
28/12/2012,15.7825,16.190001,15.35,15.4625,15.4625,2932400
31/12/2012,14.6825,16.52,14.5675,16.362499,16.362499,6731200
02/01/2013,17.9375,18.372499,17.4825,18.365,18.365,4693600
03/01/2013,18.165001,18.565001,17.942499,18.2125,18.2125,2348800
04/01/2013,18.237499,18.655001,18.155001,18.5825,18.5825,1370800
07/01/2013,18.385,18.684999,18.215,18.575001,18.575001,1037600
08/01/2013,18.7075,18.870001,18.375,18.7875,18.7875,1447200
09/01/2013,19.112499,19.15,18.612499,18.76,18.76,1698800
10/01/2013,19.120001,19.27,18.8375,19.227501,19.227501,1598000
11/01/2013,19.200001,19.317499,18.967501,19.285,19.285,1448800
14/01/2013,19.33,19.702499,19.190001,19.620001,19.620001,1730000
15/01/2013,19.385,19.797501,19.299999,19.612499,19.612499,1545600
16/01/2013,19.772499,20.23,19.6775,20.0525,20.0525,3206400
17/01/2013,20.295,20.375,19.91,19.91,19.91,2230000
18/01/2013,20.129999,21.2575,20,21.16,21.16,3272800
22/01/2013,21.202499,21.907499,20.799999,21.805,21.805,2697600
23/01/2013,21.7775,22.485001,21.709999,22.372499,22.372499,4052800
24/01/2013,22.2125,22.5825,20.9175,22.24,22.24,3461200
25/01/2013,22.184999,22.450001,21.647499,22.07,22.07,2300400
28/01/2013,22.147499,22.147499,21.225,21.450001,21.450001,1787200
29/01/2013,21.1425,22.280001,21.014999,22.127501,22.127501,2163200
30/01/2013,21.5975,21.862499,20.684999,20.735001,20.735001,2890400
31/01/2013,20.5625,21.09,20.43,20.639999,20.639999,2278400
01/02/2013,21.450001,21.975,21.442499,21.682501,21.682501,3041200
04/02/2013,21.0975,21.327499,20.262501,20.27,20.27,3050000
05/02/2013,20.73,21.525,20.6625,21.15,21.15,2419600
06/02/2013,20.7075,21.2875,20.647499,21.247499,21.247499,2310400
07/02/2013,21.5375,21.592501,20.4625,21.3225,21.3225,3313600
08/02/2013,21.4625,21.84,21.4575,21.7325,21.7325,2006400
11/02/2013,21.82,22.215,21.629999,22.0375,22.0375,1801200
12/02/2013,22.18,22.532499,21.985001,22.325001,22.325001,2024400
13/02/2013,22.4,22.625,21.8575,22.245001,22.245001,2552800
14/02/2013,22.120001,22.682501,21.934999,22.557501,22.557501,2059600
15/02/2013,22.809999,22.865,22.2125,22.7325,22.7325,2559600
19/02/2013,22.889999,23.76,22.889999,23.684999,23.684999,2130400
20/02/2013,23.615,23.647499,21.377501,21.377501,21.377501,2763600
21/02/2013,21.5525,21.575001,20.424999,21.18,21.18,3004400
22/02/2013,21.702499,21.93,21.2775,21.895,21.895,1849200
25/02/2013,22.6525,22.922501,18.655001,18.834999,18.834999,6746000
26/02/2013,18.93,19.432501,17.8675,19.155001,19.155001,5688000
27/02/2013,19.0275,20.7125,18.852501,20.377501,20.377501,5334400
28/02/2013,20.455,20.782499,19.780001,19.780001,19.780001,4812800
01/03/2013,18.9025,19.809999,18.43,19.475,19.475,6108000
04/03/2013,19.192499,20.5,19.105,20.4825,20.4825,4596000
05/03/2013,21.137501,21.2675,20.9025,21.1425,21.1425,4040800
06/03/2013,21.370001,21.41,20.6325,21.01,21.01,3378400
07/03/2013,21.092501,21.4625,20.934999,21.455,21.455,2496800
08/03/2013,21.8225,21.875,21.127501,21.737499,21.737499,3599600
11/03/2013,21.7425,22.672501,21.67,22.647499,22.647499,4042000
12/03/2013,22.565001,22.725,21.525,22.247499,22.247499,5069600
13/03/2013,22.365,22.549999,21.875,22.372499,22.372499,2525600
14/03/2013,22.674999,22.889999,22.4175,22.7925,22.7925,1949200
15/03/2013,22.7125,22.945,22.305,22.8125,22.8125,1958000
18/03/2013,21.355,22.615,21.305,21.6325,21.6325,4140000
19/03/2013,22.105,22.190001,20.477501,21.5375,21.5375,5928000
20/03/2013,22.352501,22.895,22.127501,22.752501,22.752501,3924800
21/03/2013,22.1775,22.690001,21.790001,22.07,22.07,3203200
22/03/2013,22.475,22.559999,21.817499,22.1425,22.1425,2375600
25/03/2013,22.709999,23.035,21.782499,22.3475,22.3475,3941200
26/03/2013,22.807501,23.147499,22.5525,22.995001,22.995001,2284000
27/03/2013,22.469999,22.975,22.285,22.815001,22.815001,2940800
28/03/2013,22.877501,22.969999,22.695,22.77,22.77,1754800
01/04/2013,22.9825,23.0875,22.545,22.795,22.795,2062400
02/04/2013,23.135,23.525,23.0625,23.514999,23.514999,2340400
03/04/2013,23.545,23.6625,22.424999,22.6525,22.6525,3010800
04/04/2013,22.700001,23.0375,22.112499,23.0375,23.0375,2434000
05/04/2013,21.735001,22.955,21.6175,22.9475,22.9475,3816800
08/04/2013,23.0975,23.5875,22.797501,23.5275,23.5275,1994400
09/04/2013,23.719999,24.122499,23.362499,23.855,23.855,2427200
10/04/2013,24.125,24.567499,24.07,24.452499,24.452499,2579600
11/04/2013,24.592501,25.0175,24.415001,24.5875,24.5875,2152400
12/04/2013,24.325001,25.08,24.0425,25.025,25.025,1986800
15/04/2013,24.875,25.2125,21.08,22.125,22.125,8090800
16/04/2013,22.4125,23.1525,22.084999,23.112499,23.112499,4282800
17/04/2013,22.290001,22.2925,19.715,20.610001,20.610001,9236400
18/04/2013,20.532499,20.6625,19.0975,19.5525,19.5525,5911200
19/04/2013,19.807501,21.065001,19.700001,20.842501,20.842501,4516800
22/04/2013,20.84,21.645,20.385,21.41,21.41,3712400
23/04/2013,22.102501,22.59,20.6325,22.4475,22.4475,4256800
24/04/2013,22.467501,22.735001,22.2075,22.432501,22.432501,2116800
25/04/2013,22.655001,22.7325,22.0175,22.165001,22.165001,1306400
26/04/2013,21.91,22.254999,21.65,22.147499,22.147499,1831600
29/04/2013,22.5,22.665001,22.129999,22.2675,22.2675,1292400
30/04/2013,22.2675,22.57,21.91,22.495001,22.495001,2015200
01/05/2013,22.25,22.352501,21.5075,21.51,21.51,2356800
02/05/2013,21.9,22.3675,21.834999,22.285,22.285,1936000
03/05/2013,22.785,22.877501,22.575001,22.762501,22.762501,1941200
06/05/2013,22.762501,23.2775,22.73,23.1425,23.1425,2048400
07/05/2013,23.455,23.5625,23.025,23.325001,23.325001,2014000
08/05/2013,23.145,23.33,22.735001,23.1975,23.1975,1920000
09/05/2013,23.01,23.08,22.295,22.754999,22.754999,3090000
10/05/2013,22.622499,23.004999,22.3575,22.967501,22.967501,2464000
13/05/2013,22.969999,23.18,22.747499,23.1425,23.1425,1774000
14/05/2013,23.2325,23.41,23.002501,23.317499,23.317499,1968000
15/05/2013,23.025,23.33,22.877501,23.157499,23.157499,2540000
16/05/2013,22.950001,23.2225,22.655001,22.907499,22.907499,2524000
17/05/2013,23.0375,23.5825,22.9725,23.514999,23.514999,2477200
20/05/2013,23.24,23.5625,23.182501,23.195,23.195,2126000
21/05/2013,23.33,23.4025,22.815001,23.0275,23.0275,2765200
22/05/2013,23.195,23.33,22.365,22.762501,22.762501,4468400
23/05/2013,21.6075,22.719999,21.592501,22.547501,22.547501,3710000
24/05/2013,22.290001,22.665001,22.127501,22.57,22.57,2230000
28/05/2013,23.252501,23.4,22.865,23.1975,23.1975,3060800
29/05/2013,22.8025,23.022499,22.334999,22.852501,22.852501,3438000
30/05/2013,22.790001,23.077499,22.52,22.875,22.875,2386400
31/05/2013,22.594999,22.887501,22.025,22.025,22.025,3748000
03/06/2013,22.0975,22.129999,20.9375,22.112499,22.112499,6715600
04/06/2013,21.965,22.145,21.165001,21.872499,21.872499,5577200
05/06/2013,21.424999,21.6175,20.8025,20.887501,20.887501,8941600
06/06/2013,20.6875,21.139999,19.735001,21.127501,21.127501,7074000
07/06/2013,21.7075,22.137501,21.4025,22.137501,22.137501,5194000
10/06/2013,22.387501,22.4575,21.987499,22.372499,22.372499,3604400
11/06/2013,21.422501,21.844999,20.7325,20.922501,20.922501,5765200
12/06/2013,21.3475,21.389999,19.4175,19.67,19.67,9598000
13/06/2013,19.635,20.6975,19.395,20.605,20.605,7110400
14/06/2013,20.4825,20.9575,19.924999,20.075001,20.075001,7138800
17/06/2013,20.477501,20.5875,20,20.372499,20.372499,4479600
18/06/2013,20.455,20.690001,20.370001,20.690001,20.690001,3309200
19/06/2013,20.477501,21.594999,20.342501,20.6325,20.6325,7791200
20/06/2013,19.799999,19.897499,17.6775,18.3475,18.3475,14406400
21/06/2013,18.92,19.0875,17.92,18.9575,18.9575,7650800
24/06/2013,17.9375,18.4575,17.575001,17.8675,17.8675,9377600
25/06/2013,18.3925,18.477501,17.995001,18.33,18.33,8196800
26/06/2013,18.809999,18.817499,18.4025,18.762501,18.762501,2926000
27/06/2013,19.23,19.5275,19.0625,19.5075,19.5075,3736000
28/06/2013,19.110001,19.924999,18.99,19.612499,19.612499,4132800
01/07/2013,19.8675,20.567499,19.8675,20.262501,20.262501,3192000
02/07/2013,20.0175,20.49,19.6675,19.9175,19.9175,4122800
03/07/2013,19.7325,20.307501,19.6675,20.215,20.215,1710800
05/07/2013,20.73,21.252501,20.4025,21.252501,21.252501,3217600
08/07/2013,21.805,22.290001,21.684999,22.15,22.15,4739200
09/07/2013,22.725,22.8575,22.4475,22.627501,22.627501,3622400
10/07/2013,22.592501,22.9625,22.535,22.834999,22.834999,3197600
11/07/2013,23.5975,23.672501,23.1975,23.487499,23.487499,2247600
12/07/2013,23.469999,23.584999,23.08,23.252501,23.252501,2770800
15/07/2013,23.4575,23.887501,23.272499,23.7425,23.7425,2675200
16/07/2013,23.7875,23.825001,22.842501,23.094999,23.094999,3804400
17/07/2013,23.424999,23.92,23.1875,23.860001,23.860001,2834800
18/07/2013,24.067499,24.5725,23.99,24.254999,24.254999,2179200
19/07/2013,24.045,24.93,23.8325,24.772499,24.772499,2146400
22/07/2013,24.91,25.415001,24.682501,25.355,25.355,1834800
23/07/2013,25.5425,25.775,25.022499,25.467501,25.467501,2051200
24/07/2013,25.605,25.6625,24.842501,25.172501,25.172501,2578800
25/07/2013,24.8575,25.8125,24.807501,25.754999,25.754999,2279600
26/07/2013,25.4475,25.9175,25.012501,25.8125,25.8125,2199600
29/07/2013,25.577499,25.799999,25.25,25.5175,25.5175,1965600
30/07/2013,25.605,26.035,25.352501,25.9575,25.9575,1604400
31/07/2013,26.014999,27.127501,26.004999,26.549999,26.549999,2146000
01/08/2013,27.264999,27.48,27.1075,27.405001,27.405001,1980400
02/08/2013,27.315001,28.120001,27.315001,28.120001,28.120001,1894000
05/08/2013,28.1525,28.5075,28.01,28.440001,28.440001,1230000
06/08/2013,28.2675,28.3375,27.344999,27.6,27.6,2161200
07/08/2013,27.1,27.450001,26.5275,27.25,27.25,1851600
08/08/2013,27.780001,27.897499,27.137501,27.6675,27.6675,1373600
09/08/2013,27.610001,27.907499,27.035,27.309999,27.309999,1922800
12/08/2013,26.737499,27.565001,26.700001,27.422501,27.422501,1520000
13/08/2013,27.6775,27.862499,27.057501,27.737499,27.737499,2052000
14/08/2013,27.865,27.9825,27.4,27.42,27.42,1558800
15/08/2013,26.532499,26.647499,25.942499,26.0275,26.0275,3309600
16/08/2013,26.055,26.932501,26.01,26.502501,26.502501,2516400
19/08/2013,26.379999,26.575001,25.709999,25.852501,25.852501,1997600
20/08/2013,25.690001,26.727501,25.545,26.02,26.02,2348000
21/08/2013,25.627501,26.639999,25.102501,25.540001,25.540001,3622800
22/08/2013,25.8825,26.3375,25.8475,26.182501,26.182501,2064000
23/08/2013,26.42,26.790001,26.209999,26.790001,26.790001,1172400
26/08/2013,26.965,27.182501,25.754999,25.855,25.855,2212000
27/08/2013,24.637501,25.035,23.602501,23.74,23.74,5643600
28/08/2013,23.547501,24.1625,23.26,23.76,23.76,4199200
29/08/2013,23.440001,23.9725,23.2775,23.307501,23.307501,2838400
30/08/2013,23.4375,23.4625,22.5975,23.0375,23.0375,3676000
03/09/2013,24.0525,24.15,23.424999,23.852501,23.852501,2922400
04/09/2013,23.8675,24.125,23.705,23.9175,23.9175,2060800
05/09/2013,24.0075,24.549999,23.932501,24.4925,24.4925,1245600
06/09/2013,24.8125,24.905001,23.605,24.305,24.305,2859600
09/09/2013,24.565001,25.309999,24.4375,25.202499,25.202499,1655600
10/09/2013,25.905001,26.125,25.752501,26.120001,26.120001,1248000
11/09/2013,25.945,27.025,25.895,26.9575,26.9575,1699600
12/09/2013,27.01,27.389999,26.4275,26.5,26.5,1788400
13/09/2013,27.002501,27.1175,26.41,26.9825,26.9825,1286800
16/09/2013,27.5,27.5825,26.969999,27.145,27.145,1535600
17/09/2013,27.17,27.5725,27.17,27.455,27.455,1167600
18/09/2013,27.327499,28.780001,26.9625,28.514999,28.514999,2786800
19/09/2013,28.7925,28.907499,28.237499,28.625,28.625,1771200
20/09/2013,28.5175,28.870001,28.0375,28.045,28.045,2229600
23/09/2013,28.192499,28.215,27.195,27.764999,27.764999,2320400
24/09/2013,27.855,28.307501,27.535,27.7875,27.7875,1620800
25/09/2013,27.885,28.2225,27.530001,27.9575,27.9575,1872400
26/09/2013,28.32,28.5,28.012501,28.445,28.445,1792000
27/09/2013,27.977501,28.057501,27.02,27.299999,27.299999,2730800
30/09/2013,26.059999,26.985001,25.9375,26.285,26.285,2607600
01/10/2013,26.2425,27.200001,26.182501,27.200001,27.200001,1760400
02/10/2013,26.58,26.950001,26.09,26.3825,26.3825,2350400
03/10/2013,26.09,26.2125,24.139999,25.3675,25.3675,4518000
04/10/2013,24.975,25.627501,24.692499,25.4625,25.4625,2422400
07/10/2013,24.422501,24.745001,23.4725,23.577499,23.577499,3297600
08/10/2013,23.4925,23.594999,22.09,22.405001,22.405001,5804000
09/10/2013,22.4475,23.475,21.815001,23.1875,23.1875,5705600
10/10/2013,24.012501,25.4,24,25.389999,25.389999,4954000
11/10/2013,25.342501,26.2775,25.282499,25.91,25.91,3208400
14/10/2013,24.815001,25.9175,24.379999,25.5825,25.5825,4142800
15/10/2013,25.2775,25.8125,23.83,24.01,24.01,5860800
16/10/2013,25.252501,26.889999,24.9,26.860001,26.860001,5520000
17/10/2013,26.57,28.452499,26.547501,28.452499,28.452499,3846000
18/10/2013,28.799999,29.202499,28.1,28.5825,28.5825,3357200
21/10/2013,29.25,29.2775,28.165001,28.43,28.43,2239600
22/10/2013,29.035,29.0975,28.182501,28.3825,28.3825,2586400
23/10/2013,27.952499,28.182501,27.27,28.182501,28.182501,2502400
24/10/2013,28.299999,28.7075,28.112499,28.5725,28.5725,1452000
25/10/2013,28.629999,28.6875,28.2075,28.6875,28.6875,1386000
28/10/2013,28.5075,28.647499,28.227501,28.4725,28.4725,1209600
29/10/2013,28.540001,28.75,28.295,28.7225,28.7225,1079200
30/10/2013,28.74,28.74,27.877501,28.3475,28.3475,1885200
31/10/2013,28.375,28.9375,28.17,28.497499,28.497499,2342400
01/11/2013,28.73,28.905001,28.3125,28.672501,28.672501,1399200
04/11/2013,28.8475,29.4275,28.700001,29.385,29.385,1524800
05/11/2013,29.1875,29.6,28.997499,29.49,29.49,1156000
06/11/2013,29.7775,30,29.365,29.945,29.945,1130000
07/11/2013,30.0375,30.092501,28.684999,28.897499,28.897499,2348400
08/11/2013,29.195,30.1,29.122499,30.0625,30.0625,2118400
11/11/2013,30.067499,30.235001,29.887501,30.205,30.205,1372800
12/11/2013,30.147499,30.4125,29.9475,30.2675,30.2675,2033200
13/11/2013,29.844999,30.4725,29.7875,30.372499,30.372499,1953200
14/11/2013,30.4475,30.782499,30.325001,30.727501,30.727501,2264000
15/11/2013,30.92,31.137501,30.870001,31.135,31.135,2144400
18/11/2013,31.58,31.885,30.965,31.09,31.09,2183200
19/11/2013,31.2425,31.405001,30.365,30.715,30.715,1999600
20/11/2013,30.4275,31.8475,30.3675,31.33,31.33,3429600
21/11/2013,31.692499,32.68,31.6425,32.407501,32.407501,3707600
22/11/2013,32.572498,32.862499,32.387501,32.849998,32.849998,1639200
25/11/2013,33.182499,33.189999,32.5625,32.715,32.715,1654800
26/11/2013,32.752499,32.9725,32.465,32.529999,32.529999,1367600
27/11/2013,32.775002,32.775002,32.422501,32.512501,32.512501,912000
29/11/2013,32.647499,32.677502,32.084999,32.122501,32.122501,505600
02/12/2013,32.25,32.262501,31.622499,31.879999,31.879999,1288800
03/12/2013,31.245001,31.512501,30.280001,31.0525,31.0525,2977600
04/12/2013,30.4375,31.440001,30.004999,31.389999,31.389999,3743600
05/12/2013,31.592501,31.6175,30.85,31.147499,31.147499,1958800
06/12/2013,31.825001,32.419998,31.76,32.237499,32.237499,2068000
09/12/2013,32.505001,32.662498,32.209999,32.4725,32.4725,1608800
10/12/2013,32.267502,32.52,32.145,32.3125,32.3125,1411200
11/12/2013,32.397499,32.447498,30.6525,30.795,30.795,2667200
12/12/2013,30.9575,31.165001,30.045,30.6625,30.6625,2718800
13/12/2013,30.725,30.870001,30.3575,30.592501,30.592501,2273200
16/12/2013,30.9575,31.09,30.389999,30.584999,30.584999,3007200
17/12/2013,30.182501,30.8925,29.795,30.6675,30.6675,3757200
18/12/2013,30.9725,32.84,30.440001,32.8325,32.8325,4488000
19/12/2013,32.619999,32.955002,32.389999,32.505001,32.505001,2456400
20/12/2013,32.779999,32.947498,32.267502,32.334999,32.334999,3528800
23/12/2013,32.75,33.5975,32.625,33.5075,33.5075,2714800
24/12/2013,34,34.272499,33.772499,34.1525,34.1525,1559200
26/12/2013,34.8675,34.974998,34.68,34.752499,34.752499,2085600
27/12/2013,34.842499,34.904999,34.014999,34.244999,34.244999,2250800
30/12/2013,34.105,34.27,33.5425,33.715,33.715,1923600
31/12/2013,34.102501,34.16,33.224998,33.735001,33.735001,2004800
02/01/2014,33.224998,33.360001,32.830002,33.057499,33.057499,2816800
03/01/2014,33.342499,33.705002,32.907501,33.2575,33.2575,1828400
06/01/2014,33.8325,34.084999,33.337502,33.654999,33.654999,2524400
07/01/2014,34.037498,34.5275,33.985001,34.442501,34.442501,1912400
08/01/2014,34.220001,34.57,34.080002,34.384998,34.384998,2071600
09/01/2014,34.467499,34.592499,34.095001,34.294998,34.294998,2360000
10/01/2014,34.599998,35.172501,34.165001,35.099998,35.099998,2316400
13/01/2014,34.987499,35.549999,32.849998,33.8825,33.8825,4853600
14/01/2014,34.297501,35.305,34.2925,35.232498,35.232498,3376400
15/01/2014,35.32,35.400002,34.68,35.119999,35.119999,2144400
16/01/2014,35.002499,35.154999,34.5275,34.9375,34.9375,1967600
17/01/2014,34.7925,35.299999,34.639999,34.877499,34.877499,2348000
21/01/2014,35.205002,35.334999,34.634998,35.272499,35.272499,2919600
22/01/2014,35.6525,35.900002,35.439999,35.814999,35.814999,2136800
23/01/2014,35.352501,35.41,33.942501,34.845001,34.845001,4102400
24/01/2014,33.84,33.91,31.055,31.695,31.695,4978600
27/01/2014,31.4,31.92,29.030001,30.905001,30.905001,5415200
28/01/2014,30.870001,32.435001,30.75,32.16,32.16,3921600
29/01/2014,30.584999,31.514999,29.5,30.014999,30.014999,6270600
30/01/2014,30.889999,31.264999,30.115,30.43,30.43,3588800
31/01/2014,27.709999,29.33,27.639999,28.129999,28.129999,7115000
03/02/2014,27.75,28.165001,25.805,26.110001,26.110001,9182000
04/02/2014,26.440001,26.870001,26,26.535,26.535,6639200
05/02/2014,26.01,26.254999,24.9,25.59,25.59,6974800
06/02/2014,25.91,28.09,25.91,28.08,28.08,5331600
07/02/2014,28.815001,30.365,28.684999,29.76,29.76,5610600
10/02/2014,29.895,30.34,29.450001,29.73,29.73,2947600
11/02/2014,30.225,31.200001,29.985001,30.855,30.855,3435400
12/02/2014,31.254999,31.549999,30.645,31.48,31.48,3786200
13/02/2014,30.575001,31.775,30.51,31.73,31.73,3012600
14/02/2014,31.834999,32.485001,31.639999,32.200001,32.200001,2509800
18/02/2014,32.5,32.674999,31.74,32.615002,32.615002,2025400
19/02/2014,32.200001,32.5,30.15,30.389999,30.389999,3634400
20/02/2014,30.73,31.690001,30.165001,31.549999,31.549999,2634000
21/02/2014,31.99,32.145,31.075001,31.24,31.24,2927000
24/02/2014,31.370001,31.969999,31.295,31.459999,31.459999,1938000
25/02/2014,31.545,31.82,30.815001,31.440001,31.440001,1783000
26/02/2014,31.495001,31.715,30.575001,31.025,31.025,2318000
27/02/2014,30.58,31.27,30.4,31.115,31.115,1827400
28/02/2014,31.055,31.66,29.969999,30.6,30.6,2298400
03/03/2014,28.745001,29.605,28.1,28.865,28.865,3932200
04/03/2014,30.370001,30.75,30.25,30.66,30.66,2155000
05/03/2014,30.639999,30.865,30.190001,30.625,30.625,1457800
06/03/2014,30.775,30.975,30.415001,30.85,30.85,2086400
07/03/2014,31.059999,31.08,29.85,30.135,30.135,2381400
10/03/2014,29.91,30.370001,29.309999,30.295,30.295,1372000
11/03/2014,30.35,30.719999,29.684999,29.865,29.865,1737600
12/03/2014,29.27,30.02,29.030001,29.915001,29.915001,1880400
13/03/2014,30.285,30.34,28.200001,28.674999,28.674999,3983000
14/03/2014,28.105,28.620001,27.365,27.885,27.885,4212800
17/03/2014,28.6,29.285,28.6,29.139999,29.139999,2780600
18/03/2014,29.77,30.309999,29.6,30.225,30.225,1957400
19/03/2014,30.190001,30.52,28.555,29.639999,29.639999,2488800
20/03/2014,29.424999,29.959999,29.25,29.84,29.84,1296200
21/03/2014,30.215,30.305,29.469999,29.620001,29.620001,1960400
24/03/2014,29.700001,29.865,28.815001,29.540001,29.540001,2270600
25/03/2014,29.895,30.01,29.4,29.924999,29.924999,1522000
26/03/2014,30.209999,30.25,29.379999,29.379999,29.379999,1687400
27/03/2014,29.434999,29.775,29.084999,29.754999,29.754999,2039000
28/03/2014,30.02,30.215,29.66,30.055,30.055,1957200
31/03/2014,30.334999,31.040001,30.325001,30.985001,30.985001,1422800
01/04/2014,31.1,32.044998,31.1,32.035,32.035,1594400
02/04/2014,32,32.07,31.504999,31.809999,31.809999,1219400
03/04/2014,31.805,31.9,31.42,31.855,31.855,1834000
04/04/2014,32.380001,32.419998,30.77,31.18,31.18,2608600
07/04/2014,30.860001,31.084999,30.030001,30.49,30.49,2758800
08/04/2014,30.615,31.045,30.059999,31.045,31.045,1584600
09/04/2014,31.415001,31.844999,30.98,31.785,31.785,1377200
10/04/2014,31.75,31.799999,29.775,29.879999,29.879999,3278600
11/04/2014,29.535,29.950001,28.545,28.945,28.945,2959200
14/04/2014,29.5,29.594999,28.25,29.184999,29.184999,2533800
15/04/2014,29.365,29.715,27.93,29.51,29.51,3446600
16/04/2014,30.055,30.6,29.639999,30.555,30.555,1952800
17/04/2014,30.48,31.084999,30.299999,30.995001,30.995001,1537200
21/04/2014,31.02,31.635,30.99,31.59,31.59,1213600
22/04/2014,31.475,31.855,31.360001,31.674999,31.674999,1210400
23/04/2014,31.514999,31.655001,31.305,31.51,31.51,1020200
24/04/2014,31.690001,31.735001,30.940001,31.139999,31.139999,1392200
25/04/2014,30.93,31.004999,30.33,30.915001,30.915001,1850400
28/04/2014,31.155001,31.620001,30.559999,31.584999,31.584999,1810000
29/04/2014,31.745001,32.169998,31.59,32.154999,32.154999,807000
30/04/2014,31.965,32.330002,31.805,32.110001,32.110001,945800
01/05/2014,32.040001,32.389999,31.924999,32.145,32.145,598600
02/05/2014,32.5,32.645,31.975,32.325001,32.325001,1493800
05/05/2014,31.825001,32.650002,31.625,32.650002,32.650002,734800
06/05/2014,32.5,32.845001,32.275002,32.360001,32.360001,701600
07/05/2014,32.48,33.040001,31.99,33.040001,33.040001,924800
08/05/2014,33.095001,33.695,32.75,32.945,32.945,1054800
09/05/2014,33.064999,33.685001,32.634998,33.674999,33.674999,959800
12/05/2014,34.060001,34.755001,33.970001,34.645,34.645,1143000
13/05/2014,34.735001,34.935001,34.509998,34.564999,34.564999,559800
14/05/2014,34.415001,35.07,34.325001,34.759998,34.759998,855600
15/05/2014,34.605,34.68,33.544998,34.345001,34.345001,2366600
16/05/2014,34.630001,35.18,34.244999,35.18,35.18,848400
19/05/2014,35.055,35.639999,34.935001,35.605,35.605,754000
20/05/2014,35.650002,36.110001,35.169998,35.915001,35.915001,966600
21/05/2014,36.215,36.610001,36.110001,36.439999,36.439999,921200
22/05/2014,36.455002,36.790001,36.25,36.474998,36.474998,667800
23/05/2014,36.580002,36.869999,36.465,36.755001,36.755001,502400
27/05/2014,37.375,37.924999,37.264999,37.889999,37.889999,987200
28/05/2014,37.855,38.125,37.404999,37.994999,37.994999,765400
29/05/2014,38.154999,38.380001,37.875,38.130001,38.130001,845600
30/05/2014,38.110001,38.25,37.939999,38.195,38.195,572200
02/06/2014,38.195,38.48,37.82,38.459999,38.459999,471800
03/06/2014,38.150002,38.450001,37.98,38.290001,38.290001,518000
04/06/2014,38.029999,38.904999,38,38.695,38.695,538000
05/06/2014,39.215,40.200001,38.82,40.049999,40.049999,782400
06/06/2014,41.119999,42.105,41,42.055,42.055,1125200
09/06/2014,42.310001,42.695,41.395,41.5,41.5,857400
10/06/2014,41.32,42.259998,41.040001,42.235001,42.235001,457800
11/06/2014,41.505001,41.764999,40.674999,41.299999,41.299999,701800
12/06/2014,41.009998,41.18,38.564999,39.27,39.27,1688200
13/06/2014,39.57,40.34,38.904999,39.955002,39.955002,878400
16/06/2014,39.779999,40.439999,39.285,40.02,40.02,744600
17/06/2014,40.119999,41.455002,39.959999,41.330002,41.330002,990200
18/06/2014,41.459999,43.615002,41.435001,43.59,43.59,1288000
19/06/2014,43.889999,44.200001,43.025002,43.415001,43.415001,919600
20/06/2014,43.540001,43.834999,42.764999,42.810001,42.810001,1009600
23/06/2014,42.884998,43.950001,42.560001,43.860001,43.860001,799600
24/06/2014,43.419998,44.044998,41.895,42.25,42.25,1088400
25/06/2014,41.540001,43.845001,41.514999,43.845001,43.845001,874800
26/06/2014,43.895,43.959999,42.205002,43.330002,43.330002,1304200
27/06/2014,42.924999,43.779999,42.715,43.695,43.695,720200
30/06/2014,43.740002,44.599998,43.619999,44.134998,44.134998,759600
01/07/2014,44.525002,45.715,44.345001,45.255001,45.255001,636600
02/07/2014,45.424999,46.130001,45.32,45.705002,45.705002,579400
03/07/2014,46.544998,46.665001,46.200001,46.349998,46.349998,339800
07/07/2014,46.125,46.125,45.209999,45.349998,45.349998,872200
08/07/2014,45.044998,45.044998,43.610001,44.634998,44.634998,1482000
09/07/2014,45.355,45.794998,44.904999,45.52,45.52,600600
10/07/2014,43.095001,44.580002,42.915001,43.889999,43.889999,1420800
11/07/2014,43.904999,44.549999,43.665001,44.43,44.43,1965200
14/07/2014,45.369999,46.014999,45.345001,45.605,45.605,1332000
15/07/2014,45.869999,46.099998,43.994999,44.759998,44.759998,1754800
16/07/2014,46.080002,46.275002,45.035,45.884998,45.884998,1083000
17/07/2014,45.310001,45.869999,40.505001,41.549999,41.549999,3382800
18/07/2014,43.299999,44.830002,43,44.549999,44.549999,1502000
21/07/2014,44.075001,44.200001,42.575001,43.52,43.52,2184200
22/07/2014,44.48,44.895,44.064999,44.380001,44.380001,873600
23/07/2014,44.625,44.665001,43.740002,43.98,43.98,1366600
24/07/2014,44.355,44.384998,43.560001,44.294998,44.294998,1055800
25/07/2014,43.525002,43.615002,42.735001,42.959999,42.959999,1165200
28/07/2014,43.150002,43.380001,42.029999,43.154999,43.154999,1685800
29/07/2014,43.41,43.959999,42.849998,43.264999,43.264999,1497400
30/07/2014,43.709999,43.755001,42.404999,42.544998,42.544998,1741600
31/07/2014,41.145,41.400002,38.41,38.91,38.91,5178600
01/08/2014,38.52,39.875,36.18,37.005001,37.005001,6166800
04/08/2014,37.25,39.345001,36.799999,38.564999,38.564999,3184400
05/08/2014,37.755001,38.215,35.255001,35.869999,35.869999,6110000
06/08/2014,35.205002,37.134998,35.139999,35.73,35.73,3115400
07/08/2014,36.615002,36.884998,34.325001,34.994999,34.994999,4006200
08/08/2014,34.955002,36.445,34.455002,36.314999,36.314999,3865400
11/08/2014,37.060001,38.715,36.915001,37.810001,37.810001,2671400
12/08/2014,37.924999,38.615002,37.555,38.049999,38.049999,1805800
13/08/2014,39,40.380001,38.724998,40.200001,40.200001,3043200
14/08/2014,40.705002,41.544998,40.525002,41.465,41.465,1567600
15/08/2014,42.330002,42.599998,39.09,41.474998,41.474998,4551200
18/08/2014,42.794998,43.09,42.52,43.09,43.09,1923000
19/08/2014,43.57,43.705002,43.174999,43.470001,43.470001,1639000
20/08/2014,42.849998,43.325001,42.27,43.139999,43.139999,1938800
21/08/2014,43.035,43.209999,42.514999,43.035,43.035,1891400
22/08/2014,43.154999,43.470001,42.275002,43.209999,43.209999,2342800
25/08/2014,43.700001,43.880001,43.290001,43.625,43.625,1367000
26/08/2014,43.625,43.709999,43.07,43.215,43.215,875000
27/08/2014,43.165001,43.32,42.555,42.955002,42.955002,932600
28/08/2014,41.715,42.619999,41.580002,42.235001,42.235001,1140600
29/08/2014,42.735001,42.830002,42.035,42.514999,42.514999,914200
02/09/2014,42.514999,42.73,41.884998,42.23,42.23,841200
03/09/2014,42.945,42.945,42.25,42.724998,42.724998,746400
04/09/2014,43.02,43.595001,42.18,42.645,42.645,905200
05/09/2014,42.869999,43.580002,42.165001,43.505001,43.505001,962400
08/09/2014,43.349998,43.584999,42.895,43.419998,43.419998,967600
09/09/2014,43.130001,43.195,41.985001,42.23,42.23,1366800
10/09/2014,42.200001,42.720001,41.369999,42.525002,42.525002,1271600
11/09/2014,41.77,42.674999,41.605,42.645,42.645,1573200
12/09/2014,42.505001,42.595001,41,41.715,41.715,2369200
15/09/2014,41.525002,41.525002,40.384998,40.645,40.645,1375800
16/09/2014,40.209999,42.724998,40.145,42.599998,42.599998,2333200
17/09/2014,42.790001,43.860001,42.380001,42.974998,42.974998,2853400
18/09/2014,43.314999,43.650002,43.064999,43.595001,43.595001,1001600
19/09/2014,44.014999,44.264999,43,43.57,43.57,1913400
22/09/2014,43.044998,43.125,41.705002,42.060001,42.060001,2023600
23/09/2014,40.955002,41.77,40.450001,40.5,40.5,2619200
24/09/2014,40.689999,41.794998,40.299999,41.759998,41.759998,1665000
25/09/2014,41.360001,41.360001,38.005001,38.625,38.625,4358800
26/09/2014,38.939999,40.375,38.75,39.950001,39.950001,2027000
29/09/2014,37.814999,39.029999,37.349998,38.040001,38.040001,3272000
30/09/2014,37.82,38.535,37.209999,37.470001,37.470001,2869800
01/10/2014,37.490002,37.560001,35.709999,36.689999,36.689999,4873600
02/10/2014,36.419998,37.630001,35.439999,36.970001,36.970001,3938200
03/10/2014,38.220001,39.59,37.990002,39.209999,39.209999,3462800
06/10/2014,40.080002,40.470001,38.310001,38.525002,38.525002,2887600
07/10/2014,37.59,37.700001,35.77,35.810001,35.810001,4192000
08/10/2014,35.625,38.834999,35.27,38.720001,38.720001,5217000
09/10/2014,38.18,38.41,35.005001,35.119999,35.119999,7630800
10/10/2014,34.950001,35.66,31.200001,31.23,31.23,8360600
13/10/2014,31.700001,32.23,27.924999,28.174999,28.174999,10217600
14/10/2014,28.549999,29.825001,27.190001,28.355,28.355,10375000
15/10/2014,26.139999,27.950001,24.145,27.795,27.795,23190800
16/10/2014,24.360001,27.200001,24.245001,26.629999,26.629999,18245200
17/10/2014,28.450001,28.889999,27.25,27.754999,27.754999,10153800
20/10/2014,27.635,29.959999,27.48,29.9,29.9,7484200
21/10/2014,30.955,32.264999,30.75,32.115002,32.115002,5205600
22/10/2014,32.299999,32.709999,29.334999,29.52,29.52,7284800
23/10/2014,31.5,32.200001,30.879999,31.379999,31.379999,5687600
24/10/2014,31.370001,31.91,29.6,31.715,31.715,4823200
27/10/2014,31.145,32.294998,30.549999,32.150002,32.150002,3958600
28/10/2014,32.66,34.310001,32.584999,34.290001,34.290001,4070800
29/10/2014,34.16,34.355,32.630001,33.689999,33.689999,5938600
30/10/2014,32.965,34.205002,32.439999,33.529999,33.529999,3657000
31/10/2014,34.625,34.630001,33.845001,34.41,34.41,3175200
03/11/2014,34.419998,34.619999,33.5,33.84,33.84,2840000
04/11/2014,33.59,34.18,32.665001,34.080002,34.080002,2881000
05/11/2014,34.709999,34.720001,33.880001,34.529999,34.529999,2672800
06/11/2014,34.715,35.540001,34.044998,35.389999,35.389999,2849800
07/11/2014,35.43,35.950001,34.974998,35.900002,35.900002,3076600
10/11/2014,36.049999,37.514999,35.970001,37.240002,37.240002,2344000
11/11/2014,37.43,37.615002,36.514999,37.290001,37.290001,2305400
12/11/2014,36.369999,37.185001,36.299999,36.810001,36.810001,1289200
13/11/2014,36.610001,37.119999,35.310001,36.360001,36.360001,3139400
14/11/2014,36.169998,36.369999,35.485001,36.25,36.25,1674400
17/11/2014,35.895,36.685001,35.639999,36.299999,36.299999,1663600
18/11/2014,36.549999,37.384998,36.509998,36.98,36.98,1346400
19/11/2014,36.470001,36.650002,35.740002,36.055,36.055,1751600
20/11/2014,35.380001,36.595001,35.334999,36.435001,36.435001,1452200
21/11/2014,37.52,37.540001,36.830002,37.169998,37.169998,2363200
24/11/2014,37.494999,37.98,37.330002,37.945,37.945,1715400
25/11/2014,38.099998,38.32,37.650002,38.25,38.25,1462200
26/11/2014,38.139999,38.939999,38.099998,38.849998,38.849998,884200
28/11/2014,38.654999,38.93,37.66,37.799999,37.799999,1000400
01/12/2014,37,37.09,35.834999,36.189999,36.189999,2430800
02/12/2014,36.205002,38.139999,36.205002,38.099998,38.099998,1903400
03/12/2014,38.474998,38.834999,38.220001,38.689999,38.689999,2038200
04/12/2014,38.189999,39,37.490002,38.639999,38.639999,1974600
05/12/2014,39.25,39.93,38.945,39.27,39.27,2258000
08/12/2014,39.060001,39.66,37.255001,37.709999,37.709999,2760200
09/12/2014,35.73,37.485001,35.095001,37.240002,37.240002,3887200
10/12/2014,36.459999,36.630001,33.299999,33.419998,33.419998,5219600
11/12/2014,33.599998,34.93,31.174999,31.280001,31.280001,4856200
12/12/2014,29.790001,31.295,29.33,29.5,29.5,11911200
15/12/2014,30.905001,31.66,29.049999,30.18,30.18,10308000
16/12/2014,29.495001,31.985001,28.725,28.785,28.785,9461800
17/12/2014,28.295,31.530001,28.290001,31.415001,31.415001,8935800
18/12/2014,32.985001,33.075001,31.5,32.424999,32.424999,5262200
19/12/2014,32.540001,33.119999,32.035,32.66,32.66,4623000
22/12/2014,33.494999,34.255001,33.299999,34.25,34.25,2615200
23/12/2014,34.450001,34.450001,33.5,34.185001,34.185001,2173000
24/12/2014,34.580002,34.634998,34.150002,34.439999,34.439999,1069400
26/12/2014,34.435001,34.685001,33.935001,34.110001,34.110001,1750000
29/12/2014,33.865002,34.450001,33.685001,34.165001,34.165001,2361200
30/12/2014,33.630001,34.099998,33.125,33.314999,33.314999,2294600
31/12/2014,33.459999,33.605,30.004999,30.58,30.58,6335200
02/01/2015,31.690001,32.02,29.365,31.135,31.135,8124800
05/01/2015,30.309999,30.43,28.450001,28.98,28.98,8313600
06/01/2015,29.110001,29.475,27.225,28.24,28.24,11258600
07/01/2015,29.094999,29.540001,28.469999,29.16,29.16,5199000
08/01/2015,30.25,31.16,30.165001,30.969999,30.969999,4496800
09/01/2015,31.355,31.4,29.535,29.83,29.83,5344600
12/01/2015,29.540001,29.639999,27.629999,28.379999,28.379999,6043000
13/01/2015,29.025,29.375,26.82,27.559999,27.559999,7342200
14/01/2015,26.264999,27.174999,26,27.049999,27.049999,9569400
15/01/2015,27.379999,27.75,26.129999,26.24,26.24,7971200
16/01/2015,26.15,27.025,25.639999,26.709999,26.709999,7160400
20/01/2015,27.549999,27.57,26.059999,26.959999,26.959999,7512200
21/01/2015,26.66,28.280001,26.290001,28.245001,28.245001,6272400
22/01/2015,29.030001,30.110001,27.93,30.084999,30.084999,4898200
23/01/2015,29.655001,30.51,29.155001,29.299999,29.299999,3894000
26/01/2015,29.530001,30.639999,28.959999,30.615,30.615,3393600
27/01/2015,28.959999,30.139999,28.635,29.15,29.15,6592800
28/01/2015,29.995001,30.025,26.305,26.629999,26.629999,8027800
29/01/2015,26.459999,27.459999,25.540001,27.26,27.26,8733400
30/01/2015,26.355,26.940001,24.315001,24.424999,24.424999,10817400
02/02/2015,25.389999,25.934999,24.254999,25.934999,25.934999,10160000
03/02/2015,26.355,27.24,26.1,27.190001,27.190001,5718200
04/02/2015,26.76,27.6,26.24,26.405001,26.405001,4861200
05/02/2015,26.67,27.485001,26.655001,27.309999,27.309999,3642600
06/02/2015,27.67,27.83,25.549999,26.16,26.16,5827600
09/02/2015,25.674999,26.15,25.445,26.030001,26.030001,5518800
10/02/2015,26.629999,27.165001,26.15,27.004999,27.004999,3701400
11/02/2015,26.719999,26.955,26.355,26.815001,26.815001,3781400
12/02/2015,27.5,28.645,27.379999,28.504999,28.504999,3699600
13/02/2015,28.629999,29,28.094999,28.870001,28.870001,4717200
17/02/2015,28.584999,29,28.360001,28.780001,28.780001,1966800
18/02/2015,28.42,29.115,28.370001,28.975,28.975,2021800
19/02/2015,28.690001,29.695,28.620001,29.695,29.695,2692000
20/02/2015,29.059999,30.92,28.855,30.709999,30.709999,4273600
23/02/2015,30.375,30.709999,30.155001,30.559999,30.559999,2305600
24/02/2015,30.684999,32.02,30.65,31.860001,31.860001,2751000
25/02/2015,31.780001,33.075001,31.264999,31.610001,31.610001,3925400
26/02/2015,31.715,32.389999,31.094999,31.965,31.965,3276000
27/02/2015,32.025002,32.650002,31.700001,32.165001,32.165001,2923600
02/03/2015,32.310001,33.244999,32.200001,33.23,33.23,2702400
03/03/2015,32.889999,33.044998,31.610001,32.490002,32.490002,2830600
04/03/2015,32.035,32.625,31.309999,32.57,32.57,2586200
05/03/2015,32.794998,33.029999,32.290001,32.965,32.965,2848800
06/03/2015,32.48,32.959999,31.309999,31.49,31.49,4421600
09/03/2015,31.705,32.25,31.5,31.940001,31.940001,2364000
10/03/2015,31.02,31.24,30.469999,30.9,30.9,3215600
11/03/2015,30.77,30.870001,29.9,30.129999,30.129999,2775800
12/03/2015,30.684999,31.995001,30.629999,31.92,31.92,2598600
13/03/2015,31.83,31.950001,30.355,31.190001,31.190001,3595200
16/03/2015,31.605,32.23,31.5,31.93,31.93,2679000
17/03/2015,31.485001,32.18,31.24,32.084999,32.084999,2158800
18/03/2015,31.905001,33.735001,31.645,33.494999,33.494999,3919400
19/03/2015,32.955002,33.535,32.57,33.43,33.43,2746600
20/03/2015,33.810001,34.959999,33.615002,33.990002,33.990002,5165600
23/03/2015,34.209999,34.965,34.165001,34.599998,34.599998,2028600
24/03/2015,34.555,35.384998,34.325001,34.740002,34.740002,2234800
25/03/2015,34.880001,35.075001,33.084999,33.18,33.18,3413200
26/03/2015,32.5,33.650002,32.18,33.450001,33.450001,3428800
27/03/2015,33.445,33.974998,33.325001,33.865002,33.865002,2334400
30/03/2015,34.625,35.049999,34.555,34.869999,34.869999,2652400
31/03/2015,34.735001,34.830002,33.785,34.02,34.02,2280000
01/04/2015,33.91,34.049999,32.919998,34.009998,34.009998,2328200
02/04/2015,34.25,34.799999,34.07,34.720001,34.720001,2481800
06/04/2015,34.365002,35.744999,34.209999,35.494999,35.494999,1750800
07/04/2015,35.720001,36.09,35.52,35.560001,35.560001,1245600
08/04/2015,35.720001,36.279999,35.529999,36.220001,36.220001,2034000
09/04/2015,36.400002,37.5,35.955002,37.43,37.43,2489200
10/04/2015,37.73,39.169998,37.715,39.169998,39.169998,2655400
13/04/2015,39.575001,39.98,37.639999,37.955002,37.955002,2592200
14/04/2015,37.599998,38.700001,37.290001,38.375,38.375,2072800
15/04/2015,38.880001,39.615002,38.799999,39.224998,39.224998,1719000
16/04/2015,39.02,40.360001,38.869999,40.005001,40.005001,1739600
17/04/2015,38.700001,38.895,37.5,38.595001,38.595001,3494200
20/04/2015,39.375,40.150002,39.18,39.939999,39.939999,1784000
21/04/2015,40.400002,40.535,39.48,39.904999,39.904999,2073400
22/04/2015,40.145,40.535,39.375,40.369999,40.369999,2038400
23/04/2015,40.099998,41.110001,39.915001,40.755001,40.755001,2042000
24/04/2015,41.009998,41.259998,40.645,41.154999,41.154999,1380000
27/04/2015,41.535,41.625,39.639999,39.959999,39.959999,1697000
28/04/2015,39.654999,41.349998,38.560001,41.334999,41.334999,2564800
29/04/2015,40.299999,41.080002,39.529999,40.200001,40.200001,2354600
30/04/2015,39.700001,40.095001,38.299999,39.09,39.09,2417200
01/05/2015,39.700001,41.044998,39.619999,40.98,40.98,2162600
04/05/2015,41.285,41.615002,40.470001,40.935001,40.935001,1695200
05/05/2015,40.685001,41.025002,39.48,39.525002,39.525002,2405600
06/05/2015,39.985001,40.150002,37.555,38.865002,38.865002,3098200
07/05/2015,38.674999,39.5,38.169998,39.169998,39.169998,3080800
08/05/2015,40.709999,41.349998,40.419998,41.224998,41.224998,2959800
11/05/2015,41.119999,41.25,40.095001,40.099998,40.099998,1765200
12/05/2015,39.485001,40.470001,38.935001,40.275002,40.275002,1462000
13/05/2015,40.634998,41.055,40.169998,40.985001,40.985001,2009000
14/05/2015,41.415001,41.82,41.25,41.82,41.82,1850400
15/05/2015,42,42.18,41.325001,42.150002,42.150002,2025600
18/05/2015,42.165001,43.889999,42.110001,43.575001,43.575001,1823600
19/05/2015,43.794998,44.509998,43.185001,44.145,44.145,2760000
20/05/2015,44.275002,44.474998,43.450001,44.025002,44.025002,1969200
21/05/2015,43.84,45.509998,43.619999,45.25,45.25,1868600
22/05/2015,45.380001,45.709999,44.970001,45.16,45.16,1721800
26/05/2015,44.639999,44.845001,43,43.404999,43.404999,3378200
27/05/2015,43.865002,45.334999,43.544998,45.025002,45.025002,1973800
28/05/2015,44.575001,44.834999,43.935001,44.595001,44.595001,2131200
29/05/2015,44.465,44.919998,43.639999,44.25,44.25,2551400
01/06/2015,44.759998,45.174999,44.02,44.700001,44.700001,1688200
02/06/2015,44.209999,44.779999,43.715,44.02,44.02,2298800
03/06/2015,44.384998,44.860001,44.040001,44.75,44.75,1520000
04/06/2015,44.150002,44.355,42.904999,43.215,43.215,2843000
05/06/2015,43.169998,44.080002,42.740002,43.91,43.91,2302800
08/06/2015,43.77,43.869999,42.735001,42.994999,42.994999,2148200
09/06/2015,42.915001,43.715,42.48,43.514999,43.514999,2347200
10/06/2015,44.185001,45.560001,44.115002,45.384998,45.384998,2790400
11/06/2015,45.91,46.625,45.715,46.334999,46.334999,1532600
12/06/2015,45.77,45.91,44.845001,45.775002,45.775002,2500200
15/06/2015,44.625,44.82,43.724998,43.759998,43.759998,2938000
16/06/2015,43.400002,44.779999,43.145,44.555,44.555,2522800
17/06/2015,44.810001,45.189999,43.695,44.665001,44.665001,2639600
18/06/2015,45.345001,46.455002,45.165001,45.959999,45.959999,2348400
19/06/2015,45.970001,46.095001,45.299999,45.445,45.445,2169000
22/06/2015,46.535,47.494999,46.23,47.445,47.445,2074600
23/06/2015,47.695,48.709999,47.639999,48.700001,48.700001,1957400
24/06/2015,48.384998,49.064999,47.634998,47.724998,47.724998,1932000
25/06/2015,48.099998,48.48,47.049999,47.299999,47.299999,1838200
26/06/2015,47.535,47.849998,46.605,47.564999,47.564999,2077400
29/06/2015,44.615002,45.365002,39,39.720001,39.720001,8184200
30/06/2015,41.5,41.549999,37.904999,39.529999,39.529999,6708000
01/07/2015,41.759998,42.474998,40.52,42.369999,42.369999,4876200
02/07/2015,42.384998,42.575001,38.904999,39.735001,39.735001,5090600
06/07/2015,37.790001,39.605,37.43,38.73,38.73,5331600
07/07/2015,38.849998,40.794998,36.580002,40.755001,40.755001,7885400
08/07/2015,39.005001,39.459999,36.555,36.669998,36.669998,6749800
09/07/2015,38.650002,38.759998,36.130001,36.34,36.34,6188600
10/07/2015,38.119999,39.119999,37.09,39.040001,39.040001,5572600
13/07/2015,41.150002,43.009998,40.970001,42.84,42.84,3968200
14/07/2015,42.695,44.025002,42.465,43.154999,43.154999,2781200
15/07/2015,43.325001,43.904999,42.255001,43.235001,43.235001,2196000
16/07/2015,44.715,46.290001,44.610001,46.240002,46.240002,3063400
17/07/2015,46.450001,46.650002,45.884998,46.560001,46.560001,2416000
20/07/2015,46.665001,47.685001,46.330002,46.73,46.73,2483200
21/07/2015,46.889999,47.189999,46.23,47.084999,47.084999,2053000
22/07/2015,45.849998,47.794998,45.805,47.294998,47.294998,2404000
23/07/2015,47.805,48.035,46.025002,46.755001,46.755001,2997800
24/07/2015,46.685001,47.174999,44.514999,45.110001,45.110001,3632800
27/07/2015,43.349998,44,41.790001,42.77,42.77,4813200
28/07/2015,44.049999,46.294998,43,45.93,45.93,4408200
29/07/2015,46.134998,47.07,45.900002,46.610001,46.610001,2782200
30/07/2015,46.490002,47.150002,45.474998,46.970001,46.970001,2535400
31/07/2015,47.294998,47.715,46.380001,47.009998,47.009998,2656400
03/08/2015,47.16,47.849998,45.814999,47.764999,47.764999,2815800
04/08/2015,47.459999,47.955002,46.66,47.485001,47.485001,2413400
05/08/2015,47.75,48.564999,47.215,47.919998,47.919998,2842800
06/08/2015,47.84,47.860001,45.264999,46.165001,46.165001,3044800
07/08/2015,46.32,46.900002,45.279999,46.639999,46.639999,3003200
10/08/2015,47.790001,48.459999,47.790001,48.380001,48.380001,2322600
11/08/2015,46.525002,47.189999,45.224998,46.154999,46.154999,4464400
12/08/2015,43.709999,46.564999,42.84,46.220001,46.220001,5801800
13/08/2015,46.665001,47.395,45.709999,46.720001,46.720001,3594800
14/08/2015,46.91,47.255001,46.130001,46.830002,46.830002,2421600
17/08/2015,46.375,47.490002,45.904999,47.395,47.395,1897600
18/08/2015,47.215,47.639999,46.575001,46.834999,46.834999,2284000
19/08/2015,46.174999,47.355,44.790001,45.919998,45.919998,5114000
20/08/2015,44.009998,44.610001,41.73,42.049999,42.049999,6579400
21/08/2015,39.805,40.950001,35.165001,35.195,35.195,15731000
24/08/2015,24.209999,33.599998,22.85,28.57,28.57,23053800
25/08/2015,30.370001,30.42,25.51,25.58,25.58,14786400
26/08/2015,27.76,28.285,24.924999,28.01,28.01,19451600
27/08/2015,29.120001,29.18,25.690001,27.4,27.4,17103000
28/08/2015,26.52,26.889999,24.705,26.059999,26.059999,10964400
31/08/2015,25.74,26.08,24.83,25.030001,25.030001,9118400
01/09/2015,22.75,23.49,20.815001,21.440001,21.440001,20560200
02/09/2015,22.780001,23.945,21.959999,23.945,23.945,14576200
03/09/2015,24.635,25.629999,23.280001,23.959999,23.959999,24826800
04/09/2015,22.84,23.4,21.639999,22.200001,22.200001,25012200
08/09/2015,23.5,24.190001,23.215,24.115,24.115,14363400
09/09/2015,25.434999,25.455,23.360001,23.540001,23.540001,23380400
10/09/2015,22.844999,24.139999,22.73,24.139999,24.139999,21823000
11/09/2015,24,24.715,23.584999,24.690001,24.690001,9534600
14/09/2015,24.77,24.77,24.105,24.635,24.635,7717000
15/09/2015,25.030001,27.190001,24.834999,27.135,27.135,13842000
16/09/2015,28.115,28.855,27.205,28.764999,28.764999,12612800
17/09/2015,28.764999,31.415001,28.040001,28.75,28.75,18252200
18/09/2015,26,27.01,24.995001,25.32,25.32,18449200
21/09/2015,26.184999,27.18,25.875,27.145,27.145,9789600
22/09/2015,25.575001,26,23.834999,25.325001,25.325001,15533400
23/09/2015,25.264999,26.09,24.93,25.82,25.82,8569800
24/09/2015,24.620001,25.365,23.290001,25.190001,25.190001,19876800
25/09/2015,26.15,26.18,23.91,24.545,24.545,13988800
28/09/2015,23.665001,23.875,22.129999,22.780001,22.780001,15915600
29/09/2015,23.049999,23.615,22.205,22.745001,22.745001,15455000
30/09/2015,23.75,23.99,23.15,23.82,23.82,8389400
01/10/2015,23.82,24.120001,23.045,24.115,24.115,9938400
02/10/2015,23.17,25.375,22.924999,25.375,25.375,10829000
05/10/2015,25.860001,26.975,25.815001,26.825001,26.825001,8837800
06/10/2015,26.870001,27.275,26.075001,26.5,26.5,7353800
07/10/2015,26.825001,27.200001,26.225,27.1,27.1,5681000
08/10/2015,27.190001,28.775,26.879999,28.440001,28.440001,11313800
09/10/2015,28.540001,28.84,27.59,28.440001,28.440001,10413400
12/10/2015,28.51,30.48,28.25,30.205,30.205,8532400
13/10/2015,29.459999,30.549999,28.315001,28.504999,28.504999,11223200
14/10/2015,28.139999,28.690001,27.120001,27.84,27.84,8997600
15/10/2015,28.455,29.98,28.174999,29.85,29.85,8320000
16/10/2015,30.280001,30.325001,28.924999,30.08,30.08,8842000
19/10/2015,30.004999,32.299999,29.889999,32.25,32.25,9595800
20/10/2015,31.85,32.369999,30.465,30.985001,30.985001,9491000
21/10/2015,31.299999,31.639999,28.719999,28.879999,28.879999,9094200
22/10/2015,29.5,31.33,29.5,31.275,31.275,9556800
23/10/2015,32,32.07,30.245001,30.860001,30.860001,10863600
26/10/2015,30.434999,30.84,29.799999,29.875,29.875,6088600
27/10/2015,29.48,30.58,29.424999,30.459999,30.459999,7028000
28/10/2015,30.57,31.434999,29.57,31.360001,31.360001,8164000
29/10/2015,30.844999,31.24,30.299999,30.93,30.93,6479400
30/10/2015,30.870001,31.285,30.389999,30.424999,30.424999,5061800
02/11/2015,30.48,32.224998,30.389999,31.99,31.99,5565600
03/11/2015,31.635,32.185001,31.190001,31.370001,31.370001,5410000
04/11/2015,31.57,31.690001,30.049999,30.344999,30.344999,6213600
05/11/2015,30.389999,31.075001,29.82,30.950001,30.950001,6054600
06/11/2015,30.934999,31.635,30.174999,31.594999,31.594999,7062600
09/11/2015,31.424999,31.575001,29.34,29.870001,29.870001,9235200
10/11/2015,29.5,30.85,29.365,30.700001,30.700001,4697600
11/11/2015,30.91,30.985001,29.99,29.99,29.99,5647800
12/11/2015,29.200001,29.555,27.290001,27.370001,27.370001,10510000
13/11/2015,27.23,27.424999,25.360001,25.48,25.48,13475200
16/11/2015,25.59,28.139999,25.389999,28.08,28.08,12410600
17/11/2015,28.415001,28.549999,25.99,26.5,26.5,16134600
18/11/2015,27.07,28.424999,27.025,28.360001,28.360001,8380000
19/11/2015,28.129999,28.254999,27.055,27.415001,27.415001,6867800
20/11/2015,28.280001,28.67,28.084999,28.325001,28.325001,6372200
23/11/2015,28.48,29.245001,28.200001,29.08,29.08,6512600
24/11/2015,28.290001,29.245001,27.915001,28.93,28.93,7224800
25/11/2015,28.98,29.469999,28.75,29.32,29.32,4208600
27/11/2015,29.41,29.450001,28.955,29.040001,29.040001,1723200
30/11/2015,29.209999,29.415001,28.860001,29.209999,29.209999,6455600
01/12/2015,29.57,30.5,29.295,30.450001,30.450001,5365000
02/12/2015,30.33,30.895,29.014999,29.25,29.25,8987000
03/12/2015,29.775,29.950001,26.4,27.1,27.1,13464200
04/12/2015,27.98,29.715,27.754999,29.705,29.705,10103400
07/12/2015,29.584999,29.605,27.889999,28.870001,28.870001,9557400
08/12/2015,27.695,28.725,27.299999,28.02,28.02,12349000
09/12/2015,27.639999,28.665001,26.040001,26.834999,26.834999,14266600
10/12/2015,26.684999,27.43,26.190001,26.495001,26.495001,9866800
11/12/2015,25.084999,25.4,22.025,22.57,22.57,18572000
14/12/2015,22.610001,24.184999,21.540001,24.01,24.01,16526400
15/12/2015,24.860001,25.334999,24.110001,25.030001,25.030001,12034600
16/12/2015,25.84,27.15,25.23,26.690001,26.690001,15129000
17/12/2015,26.895,26.91,25.309999,25.6,25.6,12952800
18/12/2015,24.709999,24.99,23.375,23.59,23.59,15336200
21/12/2015,24.424999,24.639999,23.545,24.615,24.615,12860000
22/12/2015,25.379999,26.094999,25.045,25.825001,25.825001,10217800
23/12/2015,26.42,26.620001,25.809999,26.405001,26.405001,7690400
24/12/2015,26.195,26.334999,25.855,25.92,25.92,3424000
28/12/2015,25.49,26.25,24.965,26.200001,26.200001,6964000
29/12/2015,26.635,26.825001,26.385,26.700001,26.700001,4270200
30/12/2015,26.34,26.379999,25.754999,25.855,25.855,4958200
31/12/2015,25.51,25.950001,25.209999,25.225,25.225,5824000
04/01/2016,23.24,23.75,22.365,23.629999,23.629999,16374800
05/01/2016,24.209999,24.639999,23.469999,24.43,24.43,9464200
06/01/2016,22.809999,23.77,22.790001,23.695,23.695,12809800
07/01/2016,22.105,22.73,20.780001,21.17,21.17,26015800
08/01/2016,21.799999,22.014999,19.700001,19.934999,19.934999,17464800
11/01/2016,20.110001,20.690001,18.465,20.52,20.52,25526600
12/01/2016,21.385,21.545,20.174999,21.504999,21.504999,24919200
13/01/2016,21.91,21.969999,18.940001,19.299999,19.299999,27506600
14/01/2016,19.5,20.51,18.615,20.014999,20.014999,23808200
15/01/2016,17.809999,18.655001,17.295,18.014999,18.014999,34511800
19/01/2016,18.745001,18.745001,17.209999,18.004999,18.004999,24193000
20/01/2016,17.415001,17.965,15.95,17.555,17.555,39717400
21/01/2016,17.725,18.25,16.870001,17.625,17.625,25749000
22/01/2016,18.450001,19.1,18.25,19.094999,19.094999,20403800
25/01/2016,18.84,19.135,18.025,18.105,18.105,18741000
26/01/2016,18.375,18.98,18.125,18.965,18.965,17645600
27/01/2016,18.754999,19.365,17.93,18.190001,18.190001,25531000
28/01/2016,18.799999,18.934999,18,18.809999,18.809999,18219800
29/01/2016,18.950001,19.625,18.855,19.559999,19.559999,15136800
01/02/2016,19.440001,20.01,19.105,19.780001,19.780001,14946400
02/02/2016,19.135,19.174999,18.27,18.43,18.43,22878200
03/02/2016,18.75,18.764999,17.4,18.67,18.67,22151000
04/02/2016,18.440001,18.924999,18.200001,18.465,18.465,14614800
05/02/2016,18.514999,18.535,17.424999,17.735001,17.735001,19266800
08/02/2016,17.075001,17.245001,16.125,16.879999,16.879999,23032600
09/02/2016,16.200001,17.105,16.135,16.754999,16.754999,18776400
10/02/2016,17.059999,17.355,16.584999,16.625,16.625,13791000
11/02/2016,15.495,16,14.99,15.615,15.615,26283800
12/02/2016,16.1,16.325001,15.73,16.290001,16.290001,12796000
16/02/2016,16.85,17.084999,16.575001,17.035,17.035,13409400
17/02/2016,17.43,17.790001,17.27,17.700001,17.700001,10117000
18/02/2016,17.805,18.025,17.455,17.74,17.74,16193200
19/02/2016,17.440001,18.245001,17.280001,18.215,18.215,21151400
22/02/2016,18.725,19.26,18.674999,19.25,19.25,16939000
23/02/2016,19.01,19.135,18.200001,18.285,18.285,12438600
24/02/2016,17.525,18.485001,17.209999,18.389999,18.389999,20043000
25/02/2016,18.540001,19.045,18.165001,19.030001,19.030001,12031400
26/02/2016,19.34,19.424999,18.549999,18.75,18.75,14666400
29/02/2016,18.809999,19.32,18.41,18.440001,18.440001,12025400
01/03/2016,18.879999,20.045,18.690001,20.045,20.045,11661000
02/03/2016,19.945,20.379999,19.620001,20.379999,20.379999,11741400
03/03/2016,20.26,21.23,20.1,21.030001,21.030001,14982800
04/03/2016,21.365,21.48,20.535,20.775,20.775,14301800
07/03/2016,20.344999,21.174999,20.254999,20.705,20.705,11178800
08/03/2016,20.264999,20.565001,19.84,19.895,19.895,12569400
09/03/2016,20.105,20.264999,19.735001,20.17,20.17,10940800
10/03/2016,20.469999,21.129999,19.555,20.52,20.52,23786200
11/03/2016,21.030001,21.575001,20.91,21.575001,21.575001,14680800
14/03/2016,21.415001,22.030001,21.25,21.915001,21.915001,12680200
15/03/2016,21.25,21.639999,21.16,21.605,21.605,14308200
16/03/2016,21.315001,22.575001,21.299999,22.389999,22.389999,19188200
17/03/2016,22.389999,23.334999,22.235001,23.045,23.045,13119400
18/03/2016,23.355,23.645,22.77,23.225,23.225,14308000
21/03/2016,23.219999,23.945,23.155001,23.875,23.875,12036000
22/03/2016,23.540001,24.360001,23.465,24.184999,24.184999,12837600
23/03/2016,23.940001,23.959999,22.895,23.025,23.025,11241600
24/03/2016,22.24,23.17,22.040001,23.145,23.145,9895200
28/03/2016,23.370001,23.84,22.995001,23.469999,23.469999,7504400
29/03/2016,23.389999,24.885,23.190001,24.83,24.83,9435000
30/03/2016,25.280001,25.84,24.82,25.440001,25.440001,11921600
31/03/2016,25.190001,25.75,24.870001,25.264999,25.264999,9669200
01/04/2016,24.440001,26.059999,24.27,26,26,11542200
04/04/2016,26.035,26.155001,25.18,25.280001,25.280001,10039200
05/04/2016,24.32,24.65,23.690001,23.82,23.82,13558600
06/04/2016,23.945,25.459999,23.764999,25.4,25.4,13605600
07/04/2016,24.68,24.99,22.469999,23.040001,23.040001,15656600
08/04/2016,23.9,24.285,23.205,23.66,23.66,9530400
11/04/2016,24.049999,24.344999,23.285,23.305,23.305,15890600
12/04/2016,23.309999,24.290001,22.77,24.07,24.07,13456800
13/04/2016,24.645,25.315001,24.540001,25.285,25.285,15833600
14/04/2016,25.334999,25.695,24.9,25.370001,25.370001,14583200
15/04/2016,25.445,25.735001,25.139999,25.705,25.705,13555800
18/04/2016,25.385,27.395,25.365,27.315001,27.315001,13879800
19/04/2016,27.450001,27.855,26.49,27.075001,27.075001,13960200
20/04/2016,27.459999,27.68,26.76,26.93,26.93,9859600
21/04/2016,26.635,26.85,25.985001,26.43,26.43,9039000
22/04/2016,26.264999,27.16,26.059999,27.09,27.09,8268600
25/04/2016,26.645,26.84,26.1,26.719999,26.719999,8552800
26/04/2016,27.08,27.5,26.885,27.32,27.32,7034600
27/04/2016,26.924999,28.395,26.754999,28.110001,28.110001,9888400
28/04/2016,27.545,28.625,26.235001,26.445,26.445,12588200
29/04/2016,26.129999,26.434999,24.35,25.565001,25.565001,17132000
02/05/2016,26.105,27.440001,25.85,27.15,27.15,8909400
03/05/2016,26.34,26.445,25.33,25.905001,25.905001,12821800
04/05/2016,25.25,25.764999,24.99,25.575001,25.575001,11166600
05/05/2016,26.07,26.200001,25.195,25.620001,25.620001,10373200
06/05/2016,25.52,26.870001,25.48,26.780001,26.780001,11411800
09/05/2016,27.02,27.945,26.950001,27.379999,27.379999,12246400
10/05/2016,28.084999,28.780001,28.025,28.73,28.73,10847200
11/05/2016,28.610001,29.059999,27.450001,27.68,27.68,14334800
12/05/2016,27.975,28.445,26.875,28,28,12867600
13/05/2016,28,28.530001,26.73,26.965,26.965,14938200
16/05/2016,27.190001,28.58,27.155001,28.225,28.225,10892600
17/05/2016,28.014999,28.174999,26.59,26.99,26.99,16449400
18/05/2016,26.98,27.98,26.5,27.105,27.105,20567800
19/05/2016,26.639999,27.049999,25.58,26.99,26.99,19249800
20/05/2016,27.559999,28.035,27.48,27.93,27.93,15860600
23/05/2016,28,28.459999,27.745001,28.115,28.115,12768200
24/05/2016,28.48,29.545,28.450001,29.225,29.225,14698800
25/05/2016,29.68,30.344999,29.43,29.780001,29.780001,16156000
26/05/2016,29.809999,30.219999,29.725,30.084999,30.084999,11758000
27/05/2016,30.309999,30.940001,30.219999,30.934999,30.934999,12363400
31/05/2016,31.344999,31.495001,30.030001,30.959999,30.959999,14524000
01/06/2016,30.41,31.41,30.059999,31.17,31.17,11976400
02/06/2016,30.860001,32.060001,30.485001,32.035,32.035,11873800
03/06/2016,31.465,32.384998,30.565001,32.189999,32.189999,12735800
06/06/2016,32.355,32.744999,31.799999,32.595001,32.595001,12205800
07/06/2016,32.884998,33.25,32.505001,32.575001,32.575001,13250800
08/06/2016,32.595001,32.834999,32.009998,32.360001,32.360001,12858800
09/06/2016,31.725,32.119999,31.334999,31.745001,31.745001,12220800
10/06/2016,30.290001,30.525,28.73,28.875,28.875,16992800
13/06/2016,27.620001,28.35,24.504999,24.535,24.535,22424200
14/06/2016,24.065001,25.424999,23.705,25.059999,25.059999,30312200
15/06/2016,25.305,26.365,25.075001,25.305,25.305,20470800
16/06/2016,24.18,26.23,23.27,25.985001,25.985001,35073800
17/06/2016,26,26.450001,25.51,26.025,26.025,18324000
20/06/2016,27.655001,28.49,27.629999,27.77,27.77,19080800
21/06/2016,28.285,28.34,27.105,27.59,27.59,14585000
22/06/2016,27.59,28.379999,26.299999,26.68,26.68,18457400
23/06/2016,28.105,29.389999,27.754999,29.23,29.23,18710000
24/06/2016,22.855,25.870001,20.75,21.5,21.5,45621200
27/06/2016,20.844999,21.045,19.715,20.945,20.945,36995800
28/06/2016,21.540001,22.77,21.51,22.715,22.715,34419200
29/06/2016,23.285,24.094999,23.264999,23.844999,23.844999,23627600
30/06/2016,24.120001,24.695,23.754999,24.530001,24.530001,18463000
01/07/2016,24.709999,25.440001,24.610001,25.305,25.305,17944600
05/07/2016,24.85,24.955,23.905001,24.815001,24.815001,20116400
06/07/2016,24.450001,25.530001,24.07,25.495001,25.495001,22781600
07/07/2016,25.889999,26.305,24.875,25.905001,25.905001,19653800
08/07/2016,26.85,27.809999,26.690001,27.605,27.605,18639400
11/07/2016,28.08,28.309999,27.549999,27.6,27.6,15287600
12/07/2016,28.290001,28.360001,27.635,28.24,28.24,15441800
13/07/2016,28.545,28.780001,28.01,28.705,28.705,11643600
14/07/2016,29.014999,29.215,28.59,28.725,28.725,13860600
15/07/2016,28.955,29.125,27.93,28.865,28.865,13216600
18/07/2016,28.745001,29.615,28.6,29.360001,29.360001,12430400
19/07/2016,29.35,29.76,28.855,29.385,29.385,15334800
20/07/2016,29.959999,30.459999,29.674999,30.235001,30.235001,11892000
21/07/2016,30.094999,30.33,28.975,29.365,29.365,12786200
22/07/2016,29.565001,30.4,29.34,30.035,30.035,10235800
25/07/2016,30.26,30.49,29.1,30.219999,30.219999,15909200
26/07/2016,30.24,30.530001,29.65,30.514999,30.514999,14117000
27/07/2016,30.889999,31.48,30.059999,31.190001,31.190001,13170800
28/07/2016,31.02,31.969999,30.700001,31.76,31.76,9522400
29/07/2016,31.809999,33.130001,31.709999,32.860001,32.860001,11158400
01/08/2016,33.150002,33.875,32.575001,33.395,33.395,9798400
02/08/2016,33.029999,33.240002,31.1,32.139999,32.139999,19672000
03/08/2016,32.075001,32.970001,31.75,32.965,32.965,12255200
04/08/2016,33.369999,34.099998,33.02,33.865002,33.865002,9476400
05/08/2016,34.685001,35.450001,34.669998,35.025002,35.025002,9135800
08/08/2016,35.5,35.825001,35.305,35.799999,35.799999,8364000
09/08/2016,36.290001,37.080002,35.82,36.380001,36.380001,10365200
10/08/2016,36.599998,36.68,34.790001,35.509998,35.509998,10445200
11/08/2016,35.939999,36.404999,35.509998,35.700001,35.700001,8334400
12/08/2016,35.700001,36.299999,35.23,36.055,36.055,8122600
15/08/2016,36.509998,36.799999,36.325001,36.619999,36.619999,5221800
16/08/2016,35.91,35.919998,35.134998,35.369999,35.369999,6339600
17/08/2016,35.485001,36.400002,34.560001,36.27,36.27,9238400
18/08/2016,36.119999,36.91,35.860001,36.91,36.91,5510800
19/08/2016,36.509998,36.889999,36.115002,36.720001,36.720001,7396400
22/08/2016,36.494999,36.744999,36,36.605,36.605,7289600
23/08/2016,36.84,37.07,36.615002,36.705002,36.705002,5290000
24/08/2016,36.5,36.59,35.459999,35.869999,35.869999,6463200
25/08/2016,35.244999,36.259998,35.174999,35.834999,35.834999,6046000
26/08/2016,36.125,37.119999,34.490002,35.724998,35.724998,12599400
29/08/2016,35.830002,36.650002,35.82,36.459999,36.459999,5283200
30/08/2016,36.564999,36.875,36.099998,36.740002,36.740002,6036800
31/08/2016,36.59,36.790001,35.584999,36.505001,36.505001,6877800
01/09/2016,36.669998,36.869999,35.75,36.709999,36.709999,10471000
02/09/2016,37.485001,38.07,37.325001,38.049999,38.049999,6590000
06/09/2016,38.360001,39.080002,38.025002,39.044998,39.044998,5495400
07/09/2016,39,39.634998,38.875,39.540001,39.540001,5285000
08/09/2016,39.529999,39.634998,38.919998,39.400002,39.400002,7676200
09/09/2016,37.869999,38.025002,33.055,33.084999,33.084999,24628400
12/09/2016,32.764999,35.68,32.404999,35.349998,35.349998,14644400
13/09/2016,33.98,34.080002,29.5,30.715,30.715,27039600
14/09/2016,31.344999,32.625,30.59,31.02,31.02,14900000
15/09/2016,31.02,32.485001,30.485001,32.139999,32.139999,14140800
16/09/2016,31.485001,32.75,30.93,32.544998,32.544998,13244000
19/09/2016,33.665001,34.345001,32.720001,33.369999,33.369999,13175400
20/09/2016,34.185001,34.189999,33.07,33.615002,33.615002,9227800
21/09/2016,34.029999,36.314999,33.59,36.115002,36.115002,16774800
22/09/2016,37.169998,37.525002,36.755001,37.389999,37.389999,9067200
23/09/2016,37.189999,37.555,36.875,37.064999,37.064999,7869800
26/09/2016,35.73,35.939999,34.66,35.09,35.09,10696600
27/09/2016,35.134998,37.23,34.825001,36.959999,36.959999,9459400
28/09/2016,37.240002,37.465,35.924999,37.360001,37.360001,8819600
29/09/2016,37.209999,37.794998,33.689999,35.009998,35.009998,22886200
30/09/2016,36.365002,37.035,35.695,36.605,36.605,9983800
03/10/2016,36.205002,36.880001,35.889999,36.759998,36.759998,7345800
04/10/2016,37.080002,37.599998,35.93,36.860001,36.860001,12802400
05/10/2016,37.27,37.490002,37.025002,37.189999,37.189999,5604800
06/10/2016,37.055,37.645,36.785,37.48,37.48,5186800
07/10/2016,37.709999,37.849998,36.605,37.43,37.43,10187200
10/10/2016,37.869999,38.5,37.720001,38.220001,38.220001,4465800
11/10/2016,37.915001,38,35.514999,36.09,36.09,16230000
12/10/2016,36.25,36.939999,35.645,36.055,36.055,10738600
13/10/2016,34.68,35.48,33.724998,34.959999,34.959999,15476400
14/10/2016,36,36.205002,35.080002,35.355,35.355,11777000
17/10/2016,35.549999,35.75,35.025002,35.505001,35.505001,9013800
18/10/2016,36.465,36.990002,36.209999,36.955002,36.955002,7291600
19/10/2016,37.724998,38.080002,37.23,37.805,37.805,7477200
20/10/2016,37.720001,38.41,37.299999,38.275002,38.275002,7677400
21/10/2016,38.055,39.150002,37.834999,39.09,39.09,6942000
24/10/2016,39.990002,40.619999,39.939999,40.470001,40.470001,4339000
25/10/2016,40.465,40.525002,39.529999,40.035,40.035,6637400
26/10/2016,39.130001,39.950001,38.825001,39.049999,39.049999,8818200
27/10/2016,39.674999,39.700001,38.205002,38.375,38.375,10612200
28/10/2016,38.23,38.66,36.07,36.73,36.73,18819600
31/10/2016,36.950001,37.049999,35.689999,35.91,35.91,7468200
01/11/2016,35.884998,35.889999,33.205002,34.915001,34.915001,21223000
02/11/2016,34.73,34.900002,33.759998,34.075001,34.075001,10554200
03/11/2016,34.119999,34.285,31.809999,32.235001,32.235001,12959800
04/11/2016,32.580002,33.389999,31.98,32.16,32.16,12979200
07/11/2016,34.950001,36.285,34.645,36.240002,36.240002,12236200
08/11/2016,35.855,37.424999,35.369999,37.185001,37.185001,11450600
09/11/2016,35.115002,38.59,35.07,38.080002,38.080002,21648400
10/11/2016,39.110001,39.450001,35.564999,37,37,15978800
11/11/2016,36.264999,38.035,35.919998,37.895,37.895,9112200
14/11/2016,37.669998,38.224998,36.634998,38.040001,38.040001,9998000
15/11/2016,38.41,39.689999,38,39.665001,39.665001,8230800
16/11/2016,38.82,39.860001,38.82,39.415001,39.415001,8541200
17/11/2016,39.5,40.564999,39.34,40.549999,40.549999,8608000
18/11/2016,40.619999,40.994999,40.060001,40.73,40.73,8583600
21/11/2016,41.209999,42.66,41.200001,42.584999,42.584999,5773000
22/11/2016,42.599998,42.794998,41.435001,42.355,42.355,6573400
23/11/2016,41.93,42.439999,41.57,42.255001,42.255001,5499600
25/11/2016,42.389999,42.575001,41.959999,42.544998,42.544998,2692000
28/11/2016,42.060001,42.509998,41.419998,42.16,42.16,6927200
29/11/2016,42.07,43.009998,41.689999,42.450001,42.450001,6093800
30/11/2016,43.025002,43.145,42.169998,42.334999,42.334999,7870800
01/12/2016,42.450001,42.610001,39.994999,40.75,40.75,11205200
02/12/2016,40.555,41.91,40.32,40.790001,40.790001,8875400
05/12/2016,42.139999,43.57,41.990002,43.41,43.41,7797800
06/12/2016,44.115002,45.049999,43.845001,44.805,44.805,6479600
07/12/2016,45,45.919998,44.424999,44.695,44.695,8139000
08/12/2016,44.615002,44.880001,43.064999,44.564999,44.564999,9293000
09/12/2016,44.205002,45.240002,44.145,45.055,45.055,6900400
12/12/2016,45,45.130001,44.220001,44.700001,44.700001,6510800
13/12/2016,44.779999,44.924999,43.525002,44.314999,44.314999,6915200
14/12/2016,44.025002,45.75,43.875,44.395,44.395,10997400
15/12/2016,45.084999,45.435001,44.435001,45.040001,45.040001,6597800
16/12/2016,45.599998,45.919998,44.985001,45.580002,45.580002,5740400
19/12/2016,46.119999,47.310001,46.119999,47.220001,47.220001,4936200
20/12/2016,47.610001,48.41,47.57,48.134998,48.134998,5005200
21/12/2016,48.459999,49.035,48.279999,48.900002,48.900002,3488400
22/12/2016,48.845001,49.095001,47.759998,48.029999,48.029999,4130400
23/12/2016,47.875,48.305,47.59,48.290001,48.290001,2207400
27/12/2016,48.285,49.064999,48.23,48.91,48.91,2902400
28/12/2016,49.07,49.25,47.055,47.220001,47.220001,5518400
29/12/2016,47.035,47.445,45.82,46.455002,46.455002,4684400
30/12/2016,46.98,46.994999,44.985001,45.490002,45.490002,6562600
03/01/2017,47.355,48.825001,47.049999,48.724998,48.724998,7282600
04/01/2017,49.275002,51.764999,49.264999,51.264999,51.264999,5626600
05/01/2017,50.805,51.494999,49.889999,51.43,51.43,4136000
06/01/2017,51.959999,53.185001,51.525002,52.125,52.125,8150000
09/01/2017,51.845001,53.009998,51.380001,52.23,52.23,5107000
10/01/2017,52.77,53.205002,51.84,52.575001,52.575001,4756400
11/01/2017,52.505001,53.869999,51.505001,53.720001,53.720001,7662800
12/01/2017,53.244999,53.799999,50.985001,53.744999,53.744999,9520400
13/01/2017,53.959999,54.360001,53.040001,53.599998,53.599998,6641400
17/01/2017,52.865002,54.005001,52.700001,53.75,53.75,6875800
18/01/2017,54.119999,54.794998,53.685001,54,54,7535800
19/01/2017,54.25,54.465,52.889999,53.384998,53.384998,7055400
20/01/2017,53.93,55.5,53.73,55.474998,55.474998,7270000
23/01/2017,55.435001,55.970001,54.395,55.924999,55.924999,6916400
24/01/2017,56.650002,58.855,56.580002,58.52,58.52,5096200
25/01/2017,59.485001,60.240002,59.189999,59.970001,59.970001,4692400
26/01/2017,59.779999,60.314999,59.025002,59.66,59.66,4993600
27/01/2017,59.895,60.580002,59.360001,60.369999,60.369999,4384600
30/01/2017,59.095001,59.134998,56.055,58.654999,58.654999,11567400
31/01/2017,58.145,59,57.09,58.924999,58.924999,8343600
01/02/2017,60.044998,60.615002,59.185001,59.955002,59.955002,7378200
02/02/2017,59.424999,60.044998,58.855,59.465,59.465,6356600
03/02/2017,60.650002,61.27,60.259998,60.68,60.68,4832000
06/02/2017,60.014999,60.990002,59.805,60.744999,60.744999,5208800
07/02/2017,60.810001,60.945,60.035,60.264999,60.264999,5129400
08/02/2017,60.049999,60.849998,59.275002,60.439999,60.439999,4765800
09/02/2017,60.775002,62.285,60.66,61.709999,61.709999,3813000
10/02/2017,62.349998,63.125,62.224998,62.700001,62.700001,4460600
13/02/2017,63.810001,64.910004,63.615002,64.684998,64.684998,5020600
14/02/2017,64.724998,67.529999,64.660004,67.470001,67.470001,6901000
15/02/2017,67.32,67.769997,64.925003,64.989998,64.989998,8439400
16/02/2017,65.129997,65.209999,61.349998,64.650002,64.650002,10646800
17/02/2017,63.169998,64.805,62.689999,64.525002,64.525002,6589000
21/02/2017,65.394997,65.574997,63.529999,63.740002,63.740002,5642000
22/02/2017,63.224998,64.224998,62.330002,63.470001,63.470001,4649200
23/02/2017,63.330002,63.535,60.834999,61.799999,61.799999,6465400
24/02/2017,59.52,62.724998,59.220001,62.625,62.625,8019400
27/02/2017,62.599998,64.230003,62.029999,62.794998,62.794998,4468400
28/02/2017,62.540001,62.950001,60.939999,61.25,61.25,5394600
01/03/2017,63.959999,64.375,62.52,62.650002,62.650002,6404600
02/03/2017,62.595001,63.790001,61.849998,62.490002,62.490002,6397000
03/03/2017,63.384998,64.635002,63.32,64.394997,64.394997,4700800
06/03/2017,64.514999,65.815002,64.195,65.589996,65.589996,4435600
07/03/2017,65.5,66.650002,64.830002,65.535004,65.535004,4488400
08/03/2017,66.169998,66.824997,64.834999,65.055,65.055,3959000
09/03/2017,65.470001,66.205002,64.275002,65.389999,65.389999,5078000
10/03/2017,65.985001,66.400002,65.114998,66.290001,66.290001,4701000
13/03/2017,66.510002,67.775002,66.209999,67.669998,67.669998,3447400
14/03/2017,67.455002,67.945,65.915001,66.379997,66.379997,5406600
15/03/2017,67.150002,69.419998,67,68.75,68.75,4535200
16/03/2017,69.269997,70.425003,69.150002,70.220001,70.220001,4961000
17/03/2017,70.75,72.139999,70.650002,71.074997,71.074997,4494600
20/03/2017,71.190002,72.014999,70.985001,71.025002,71.025002,4494000
21/03/2017,72.434998,72.945,67.709999,68.315002,68.315002,11984400
22/03/2017,67.635002,68.989998,66.720001,67.959999,67.959999,9829800
23/03/2017,67.370003,68.809998,65.334999,65.654999,65.654999,7212600
24/03/2017,66.650002,68.050003,64,66.910004,66.910004,10694600
27/03/2017,64.25,68.82,63.779999,68.264999,68.264999,9136600
28/03/2017,68.93,72.07,68.809998,71.949997,71.949997,5583800
29/03/2017,72.195,73,71.660004,72.224998,72.224998,4975400
30/03/2017,72.199997,72.555,71.254997,71.885002,71.885002,3909800
31/03/2017,71.824997,72.355003,70.5,70.574997,70.574997,4081200
03/04/2017,70.635002,70.964996,67.720001,70.230003,70.230003,5605600
04/04/2017,69.275002,71.480003,68.989998,71.195,71.195,4069800
05/04/2017,71.855003,72.75,68.599998,68.805,68.805,5293200
06/04/2017,69.449997,71.394997,68.985001,70.014999,70.014999,7935200
07/04/2017,69,69.75,67.190002,67.449997,67.449997,7838600
10/04/2017,67.239998,68.055,65.010002,65.089996,65.089996,7056800
11/04/2017,63.389999,63.865002,61.380001,62.040001,62.040001,10743400
12/04/2017,62.040001,62.955002,61.150002,61.810001,61.810001,11134800
13/04/2017,61.605,62.810001,60.165001,60.66,60.66,8853800
17/04/2017,61.66,63.619999,61.555,63.619999,63.619999,6030000
18/04/2017,62.755001,64.150002,61.575001,64.110001,64.110001,8164600
19/04/2017,65.044998,65.5,62.07,62.555,62.555,7580000
20/04/2017,63.494999,64.709999,62.450001,64.18,64.18,7529000
21/04/2017,63.779999,64.110001,62.560001,63.939999,63.939999,6941400
24/04/2017,69.169998,71.050003,68.324997,70.834999,70.834999,8919800
25/04/2017,71.760002,72.639999,71.510002,72.57,72.57,5490400
26/04/2017,72.220001,72.610001,70.654999,71.775002,71.775002,6027400
27/04/2017,72.559998,72.745003,71.665001,72.550003,72.550003,4818200
28/04/2017,72.489998,72.614998,71.650002,72.525002,72.525002,3919400
01/05/2017,73.214996,75.964996,73.175003,75.394997,75.394997,4921400
02/05/2017,75.394997,75.589996,74.400002,75.089996,75.089996,4297400
03/05/2017,74.279999,74.885002,73.224998,73.57,73.57,4752000
04/05/2017,74.809998,75.660004,72.915001,75.474998,75.474998,5723200
05/05/2017,75.519997,76.025002,74.705002,75.035004,75.035004,4550000
08/05/2017,76.160004,77.480003,76.114998,77.035004,77.035004,3794000
09/05/2017,78.205002,78.300003,76.625,77.169998,77.169998,4944800
10/05/2017,76.730003,77.574997,76.730003,76.879997,76.879997,2599400
11/05/2017,76.019997,77.169998,74.184998,77.074997,77.074997,5324000
12/05/2017,76.669998,77.224998,76.379997,77.224998,77.224998,3042600
15/05/2017,77.800003,79.07,77.705002,78.779999,78.779999,2680600
16/05/2017,79.690002,80.025002,78.720001,79.555,79.555,4229200
17/05/2017,74.695,75.870003,65.025002,65.025002,65.025002,15823800
18/05/2017,65.684998,68.699997,65.285004,66.75,66.75,11623400
19/05/2017,68.885002,72.305,68.834999,71.199997,71.199997,11725800
22/05/2017,73.074997,74.654999,72.974998,74.279999,74.279999,7584800
23/05/2017,74.745003,75,73.699997,74.339996,74.339996,5656000
24/05/2017,74.550003,76.614998,73.720001,76.349998,76.349998,5434000
25/05/2017,76.364998,76.690002,74.934998,75.445,75.445,6137600
26/05/2017,75.129997,76.974998,75.105003,76.745003,76.745003,4333600
30/05/2017,75.805,77.550003,75.650002,77.32,77.32,3603200
31/05/2017,77.669998,77.934998,74.875,76.675003,76.675003,7286000
01/06/2017,77.660004,78.584999,77.410004,78.495003,78.495003,3792000
02/06/2017,78.239998,79.095001,77.839996,78.324997,78.324997,4089200
05/06/2017,77.934998,79.559998,77.889999,77.925003,77.925003,3055400
06/06/2017,77.184998,77.699997,75.839996,76.235001,76.235001,6018400
07/06/2017,77.110001,77.464996,75.010002,77.025002,77.025002,5782000
08/06/2017,77.125,79.285004,77.095001,78.855003,78.855003,4864400
09/06/2017,79.550003,80.394997,74.160004,77.654999,77.654999,10744000
12/06/2017,76.714996,77.084999,74.699997,76.815002,76.815002,8477000
13/06/2017,78.394997,79.650002,78.125,79.470001,79.470001,5313600
14/06/2017,79.519997,80.105003,78.18,79.714996,79.714996,8699000
15/06/2017,76.639999,79.535004,76.415001,78.809998,78.809998,6676800
16/06/2017,79.455002,79.675003,78,79.675003,79.675003,6131400
19/06/2017,80.934998,82.434998,80.839996,81.989998,81.989998,6702400
20/06/2017,81.25,81.394997,79.529999,79.889999,79.889999,7974000
21/06/2017,81.349998,81.730003,79.830002,80.550003,80.550003,5959200
22/06/2017,80.754997,81.839996,80.235001,81.434998,81.434998,4217400
23/06/2017,81.449997,82.370003,80.864998,82.214996,82.214996,3662000
26/06/2017,83.279999,84.120003,82.504997,84.029999,84.029999,5201400
27/06/2017,83.584999,84.5,81,81.050003,81.050003,9107800
28/06/2017,82.605003,83.900002,81.675003,83.550003,83.550003,4911400
29/06/2017,83.43,83.449997,71.004997,79.18,79.18,19238200
30/06/2017,81.379997,82.084999,77.864998,80.635002,80.635002,7969800
03/07/2017,81.849998,82.264999,79.400002,79.555,79.555,4070400
05/07/2017,79.980003,80.510002,77.285004,79.5,79.5,6835600
06/07/2017,77.955002,78.425003,74.834999,75.5,75.5,10448400
07/07/2017,76.985001,78.279999,76.32,78.18,78.18,7911600
10/07/2017,78.305,80.709999,78.129997,80.084999,80.084999,4525200
11/07/2017,79.849998,80.790001,76.620003,80.43,80.43,8679000
12/07/2017,81.82,82.934998,81.675003,82.635002,82.635002,5501800
13/07/2017,82.660004,83.775002,82.620003,83.544998,83.544998,5675400
14/07/2017,83.57,85.620003,83.485001,85,85,2445600
17/07/2017,86.610001,87.540001,86.400002,87.220001,87.220001,3359200
18/07/2017,86.360001,88.419998,85.5,88.410004,88.410004,4710000
19/07/2017,89.220001,90.220001,89.010002,89.379997,89.379997,4509700
20/07/2017,90.040001,90.230003,88.379997,90.230003,90.230003,4434400
21/07/2017,89.669998,90.980003,89.199997,90.959999,90.959999,3744600
24/07/2017,91.169998,92.900002,91.110001,92.519997,92.519997,2942700
25/07/2017,92.739998,93.019997,91.75,92.089996,92.089996,2867100
26/07/2017,92.699997,93.43,91.769997,92.010002,92.010002,2248400
27/07/2017,92.870003,92.870003,86.129997,91.160004,91.160004,6363300
28/07/2017,89.279999,90.559998,87.959999,90.220001,90.220001,4149200
31/07/2017,91.650002,91.75,89.879997,90.949997,90.949997,3219600
01/08/2017,92.029999,92.580002,91.370003,92,92,2416600
02/08/2017,92.68,92.709999,89.809998,91.709999,91.709999,3986300
03/08/2017,91.510002,91.650002,90.139999,90.519997,90.519997,3193800
04/08/2017,90.959999,92.019997,90.550003,90.769997,90.769997,3288600
07/08/2017,91.099998,91.980003,90.809998,91.970001,91.970001,1995100
08/08/2017,91.889999,93.209999,88.059998,89.379997,89.379997,5508800
09/08/2017,86.949997,88.839996,84.370003,86.919998,86.919998,7718500
10/08/2017,84.620003,84.730003,74.449997,74.93,74.93,16495400
